russian,zilo,gender,abs.pl,obl.sg,obl.pl,loc,GA,aor_perf,imp
насекомое,ширшил,"б, й",ширшилол,ширшилулӏи,ширшилалӏи,,,,
праздник борозды (букв. семя забирать),шен рухир,,,,,,,,
бадаться,гъуммери,,,,,,,гъуммир,гъуммо
как дела?,ахӏвал хӏал?,,,,,,,,
закончиться,булӏери,,,,,,рулӏери,рулӏий,
закончить,булӏери,,,,,,рулӏери,рулӏий,
"возглас удивление, сожаления, неожиданности",тамаша,,,,,,,,
возглас сожаления,вуй,,,,,,,,
возглас радости,вай,,,,,,,,
"возглас сожаления, если болит",вай,,,,,,,,
пусть будет во благо! (пожелание),алхІамдулиллагь,,,,,,,,
здоровья! (пожелание),сагъилъир,,,,,,,,
оп (восклицание),гьоп,,,,,,,,
"возглас сожаления, если что-то не получилось",вахІ,,,,,,,,
приветствие,асаламгӏалайкум,,,,,,,,
ответ на приветствие,вагӏалайкум салам,,,,,,,,
с приездом,вушодо,,,,,,"йишодо, бишодо, вашолдо, йашолдо",,
как твои дела?,(дуб) ибгъи хӏал?,,,,,,,,
хорошо (ответ на вопрос “как дела?”),шуб хӏал,,,,,,,,
спасибо,алхӏамдулиля,,,,,,,,
как здоровье?,сагъилъир икьи?,,,,,,,,
какие новости?,батӏа цӏиᵸву ибгъи?,,,,,,,,
как семья?,хъизан икьи?,,,,,,,,
как семья?,хъизанулӏи ибгъи хӏал?,,,,,,,,
ты кто?,мен ибгъи?,,,,,,,,
прости (букв. сверху слезай),гьиъакку вулӏи,,,,,,"гьиъакку йулӏи, вуъомул, йуъомул",,
счастливого пути,микъи битӏилъи,,,,,,,,
остовайтесь (в ответ на пожелание счастливого пути),вокӏобул,,,,,,йокӏобул,,
спокойной ночи,релъо шурлъидо,,,,,,,,
передай привет Аминат,Аминатиъо салам босо,,,,,,,,
спасибо за все,баркалла джиб данхъи,,,,,,,,
счастья вам,роххор,,,,,,,,
удачи тебе,дуй шуб гъибъасси,,,,,,,,
эй (окрик),гьей,,,,,,,,
белый,гьацӏа,,,,,,,,
борода,мигажу,"р, р",мигажобил,мигажулӏи,мигажобалӏи,мигажулӏи,,,
брат,воцци,"в, в",воццул,воццув,воццулуво,воццуъа,,,
бровь,энсиб,"б, б",энсибол,энсибулӏи,энсибалӏи,энсибуъа,,,
вилка,цӏумур,"б, б",цӏумурдул,цӏумурулӏи,цӏумурдалӏи,цӏумуруъа,,,
вода,лъен,р,,лъенлӏи,,лъенъа,,,
волк,боцӏо,"б, й",боцӏол,боцӏулӏи,боцӏалӏи,боцӏуъа,,,
вчера,суни,,,,,,,,
высокий,бехула,,,,,,"вехула, йехулол",,
глаз,гьаркӏу,"б, б",гьаркӏобил,гьаркӏулолӏи,гьаркӏобалӏи,гьаркӏулоъа,,,
год,решин,"р, р",решимол,решинлӏи,решималӏол,решинъа,,,
грудь,абур,"б, б",абурдул,абурдолӏи,абурдалӏи,абурдуъа,,,
дерево,реша,"р, р",решобил,решулӏи,решобалӏи,решуъа,,,
дочь,йоши,"й, й",йошибол,йошулӏи,йошибалӏи,йошуъа,,,
железо,ккуб,б,,ккубиллӏи,,ккубилъа,,,
желтый,чакку,,,,,,,,
зеленый,хвечи,,,,,,,,
зеркало,матӏу,"р, р",матӏодул,матӏулӏи,матӏудолӏи,матӏудоъа,,,
змея,берка,"б, й",беркол,беркулӏи,беркалӏи,беркаъа,,,
зола,кье,"б, б",кьелил,кьелӏи,кьелилилӏи,кьелӏи,,,
золото,мисиди,б,,мисидулӏи,,,,,
камень,гьинцӏо,"б, б",гьинцӏобил,гьинцӏоллӏи,гьинцӏобалӏи,гьинцӏолъа,,,
кобыла,ича,"б, й",ичил,ичулӏи,ичилӏи,ичуъа,,,
коса,ничо,"б, б",ничодул,ничолӏи,"ничобалӏи, ничолӏи",ничоъа,,,
курица,"уᵸъецу, уᵸйецу, уᵸвецу","б, й","уᵸъецобил, уᵸйецобил, уᵸвецобил","уᵸъецулӏи, уᵸйецулӏи, уᵸвецулӏи","уᵸъецобалӏи, уᵸйецобалӏи, уᵸвецобалӏи,","уᵸъецуъа, уᵸйецуъа, уᵸвецуъа",,,
лягушка,къурру,"б, й",къуррол,къурролӏи,къурралӏи,къурроъа,,,
мать,баба,"й, й",бабалал,бабалӏи,бабалӏол,бабаъа,,,
мать,ила,"й, й",илобил,илулӏи,илубалӏи,,,,
мука,эншур,р,,эншурлӏи,,эншуръа,,,
мясо,рикьи,"р, р",рикьил,рикьилӏи,рикьилилӏи,рикьиъа,,,
небо,решин,"р, р",решимол,решинолӏи,решималӏи,решиноъа,,,
новый,цӏиᵸву,,,,,,цӏиᵸв йоши,,
нож,бесун,"б, б",бесумол,бесунолӏи,бесумалӏи,бесуноъа,,,
окно,ингур,"б, б",ингурдол,ингурулӏи,ингурдалӏи,ингоруъа,,,
отец,дада,"в, в",дадалал,дадав,дадалав,дадаъа,,,
отец,има,"в, в",имадул,имув,имадав,имуъа,,,
очень,золо,,,,,,,,
палец,цӏцӏекӏа,"б, б",цӏцӏекӏобил,цӏцӏекӏулӏи,цӏцӏекӏобалӏи,цӏцӏекӏуъа,,,
пила,хъухъадир,"б, б",хъухъадирол,хъухъадирулӏи,хъухъадиролӏол,,,,
птица,щекиб,"б, й",щекибол,щекиболӏи,щекиболилӏол,,,,
пчела,пера,"б, й",пердул,перулӏи,пердалӏол,,,,
пшеница,къири,б,,къирилӏи,,,,,
река,лъенсо,"р, р",лъенсодул,лъенсолӏи,лъенсодалӏи,,,,
река,инхи,"б, б",инхадул,инхилӏи,инхадалӏи,инхиъа,,,
рыба,хвами,"б, й",хвамил,хвамиллӏи,хвамилилӏи,,,,
свинец,тӏуши,"б, б",тӏушил,тӏушиллӏи,тӏушилилӏи,,,,
сегодня,"желъал, жегьал",,,,,,,,
серп,ничо,"б, б",ничодул,ничолӏи,ничодалӏи,,,,
сестра,йоцци,"й, й",йоцибол,йоццулӏи,йоццибалӏи,,,,
слепой,ботӏи,,,,,,"ботӏи, ботӏол",,
снег,анзи,"р, р",анзил,анзилӏи,анзилилӏи,анзиъа,,,
собака,хвей,"б, й",хведул,хвейолӏи,хведалӏи,,,,
солнце,милъи,"б, б",милъил,милъирлӏи,милъилилӏи,,,,
стена,къен,"б, б",къенадул,къеннолӏи,къеннадалӏи,къенноъа,,,
толстый,биши,,,,,,"вуши, биши, йиши, вушол, йишол",,
топор,анжиди,"р, р",анжидобил,анжидулӏи,анжидобалӏи,,,,
узкий,чӏчӏитӏир,,,,,,,,
хлеб,гъан,"б, б",гъанол,гъанлӏи,,,,,
черный,бечӏедир,,,,,,"вечӏедир, йечӏедирол",,
шея,гару,"б, б",гардобил,гардолӏи,гардобалӏи,,,,
широкий,аб,,,,,,,,
яйцо,кӏоркӏон,"р, р",кӏоркӏомил,кӏоркӏонулӏи,кӏоркӏомалӏи,,,,
баран,гьайман,"б, й",гьайманол,гьайманулӏи,гьайманалӏи,,,,
баран,кун,"б, й",куммил,кунолӏи,куммалӏи,,,,
баран,анлъи,"б, й",анлъол,анлъолӏи,анлъалӏи,,,,
браслет,кверкъин,"р, р",кверкъимол,кверкъинулӏи,кверкъималӏи,,,,
бревно,кьерчӏо,"р, р",кьерчӏобил,кьерчӏолӏи,кьерчӏобалӏи,,,,
бурдюк,кьетон,"б, б",кьетомил,кьетонлӏи,кьетомалӏи,,,,
бурка,буртина,"б, б",буртимобил,буртинулӏи,буртималӏи,,,,
веретено,мига,"б, б",мигобил,мигулӏи,мигобалӏи,,,,
весна,рибу,"б, б",рибодул,риблӏи,рибодалӏи,,,,
ветер,мочи,"б, б",мочил,мочилӏи,мочилилӏи,,,,
внизу,гьикьу,,,,,,,,
впереди,сседу,,,,,,,,
вымя,гъа,"б, б",гъадобил,гъалӏи,гъадобалӏи,,,,
глотать,бикӏкӏунну,,,,,,,бикӏкӏунний,бикӏкӏон
глубокий,уди,,,,,,,,
голубь,гъугъу,"б, й",гъугъол,гъугъулӏи,гъугъобалӏи,,,,
гора,бил,"б, б",биладул,билолӏи,биладалӏи,билоъа,,,
горло,къванкъва,"б, б",къванкъибол,къванкъулӏи,къванкъибалӏи,,,,
грабли,лъарлъал,"б, б",лъарлъалол,лъарлъалулӏи,лъарлъалалӏи,,,,
град,шен,р,,шенлӏи,,,,,
грязный,чуруки,,,,,,,,
день,зубу,"р, р",зубодул,зубулӏи,зубодалӏи,,,,
длинный,беххула,,,,,,"йеххула, веххула, веххулол, йеххулол",,
дно,гьимъу,"б, б",гьимъодул,гьимъулӏи,гьимъодалӏи,гьимуъулъа,,,
доска,хин,"р, р",химмил,химлӏи,химмалӏи,,,,
желчь,ссим,"б, б",ссимил,ссимлӏи,ссималӏи,,,,
женщина,йошикӏва,"й, й",йошул,йошикӏвалӏи,йошулилӏи,,,,
жеребец,чор,"б, й",чордул,чорлӏи,чордалӏи,,,,
жечь,цӏатери,,,,,,,цӏато,цӏато
жидкий,лъему,,,,,,,,
здесь,гьонолъу,,,,,,,,
зима,кьину,"р, р",кьинодул,кьинлӏи,кьинодалӏи,,,,
иней,цӏцӏикъу,б,,цӏцӏикъулӏи,,,,,
искать,кустери,,,,,,,кусти,кусто
капкан,гудур,"б, б",гудурдул,гудуролӏи,гудуралӏи,,,,
кашлять,ухӏудери,,,,,,,ухӏуди,ухӏудиб
кизяк,цӏипӏила,"б, б",цӏипӏилдул,цӏипӏилулӏи,цӏипӏилдалӏи,,,,
кипеть,оххинну,,,,,,,оххонний,оххом
кислый,цӏцӏикӏкӏу,,,,,,,,
клин,лӏутӏи,"б, б",лӏутӏол,лӏутӏолӏи,лӏутӏалӏи,,,,
клык,гожо,"б, б",гожолол,гожолӏи,гожолалӏи,,,,
ключ,рекӏул,"р, р",рекӏулол,рекӏулолӏи,рекӏулалӏи,,,,
клятва,ноко,"р, р",нокол,нокулӏи,нокодалӏи,,,,
ковер,тӏамсса,"б, б",тӏамсибол,тӏамсулӏи,тӏамсибалӏи,,,,
козел,тӏука,"б, й",тӏукибол,тӏукулӏи,тӏукибалӏи,,,,
колено,нико,"б, б",никобил,николӏи,никобалӏи,,,,
колесо,чӏуреги,"р, р",чӏурегобил,чӏурегулӏи,чӏурегобалӏи,,,,
корзина,гиза,"б, б",гизобил,гизулӏи,гизобалӏи,,,,
корыто,ирса,"р, р",ирсибол,ирсулӏи,ирсибалӏи,,,,
косить,хханнери,,,,,,,хханни,хханно
край,рагьал,"б, б",рагьалол,рагьаллӏи,рагьалалӏи,,,,
крапива,мичӏчӏи,"б, б",мичӏчӏил,мичӏчӏилӏи,мичӏчӏилалӏи,,,,
кривой,чӏило,,,,,чӏилол,,,
кривой,гъвенчӏил,,,,,гъвенчӏилол,,,
кровь,гьин,"б, б",гьимил,гьинлӏи,,,,,
кроить,букъери,,,,,,,букъи,букъо
крыша,ом,"б, б",омадул,омлӏи,омадалӏи,омъа,,,
ладонь,хъота,"р, р",хъотобил,хъотулӏи,хъотобалӏи,хъотула,,,
лаять,хӏапунну,,,,,,,хӏапунни,хӏапум
лаять,бахери,,,,,,,бахор,бахоб
левый,кучӏил,,,,,,,,
лес,решу,р,,решулӏи,,,,,
лето,къину,р,,къинлӏи,,къина,,,
лизать,ламмери,,,,,,,ламми,ламмо
ложка,арком,"б, б",аркомил,аркомулӏи,аркомалӏи,,,,
лук (растение),кӏонча,"б, б",кӏончол,кӏончулӏи,кӏончалӏи,,,,
лук (оружие),церцедахъи,"б, б",церцедахъол,церцедахъилӏи,церцедахъалӏи,,,,
много,бигьолгу,,,,,,"ригьолгу, вугьолгу, йигьолги, бигьугу (для неисчисляемых)",,
молодой,олохъан,,,,,,,,
молозиво,цӏцӏир,"б, б",цӏцӏирил,цӏцӏирлӏи,цӏцӏирилилӏи,,,,
моль,реси,б,,ресилӏи,,,,,
море,релъо,"р, р",релъобил,релъолӏи,релъобалӏи,,,,
мост,кьир,"б, б",кьирдобил,кьирлӏи,кьирдобалӏи,,,,
моча,гьинкӏкӏур,"р, р",гьинкӏкӏурдул,гьинкӏкӏурлӏи,гьинкӏкӏурдалӏи,,,,
мяукать,маъушери,,,,,,,маъушо,маъушо
неделя,гьокьу,"р, р",гьокьодул,гьокьулӏи,гьокьодалӏи,,,,
низкий (скорее о вещах),кьухъур,,,,,,,,
низкий (скорее о живых),вочо,,,,,,"йочо, бочо, рочо, вочол, йочол, бочол",,
нога,чункӏа,"б, б",чункӏобил,чункӏулӏи,чункӏобалӏи,,,,
нога,регъил,"б, б",регъибол,регъилолӏи,регъибалӏи,,,,
ножницы,исир,"р, р",исирдул,исиролӏи,исирдалӏи,,,,
нос,магьар,"б, б",магьардул,магьаролӏи,магьардалӏи,,,,
ночь,релъо,"р, р",релъодул,релъоллӏи,релъодалӏи,,,,
ночью,гьечӏодоъо,,,,,,,,
осень,сибиру,"р, р",сибирдул,сибирулӏи,сибирдалӏи,,,,
очаг,ахъи,"б, б",ахъил,ахъилӏи,ахъилилӏи,ахъиха,,,
палка,цӏул,"р, р",цӏулибол,цӏулолӏи,цӏулибалӏи,,,,
паук,мисихвара,"б, й",мисихвардул,мисихварулӏи,мисихвардалӏи,,,,
песок,сур,б,,сурлӏи,,,,,
писать,хъварери,,,,,,,хъвари,хъваро
подбородок,жуна,"р, р",жунал,,жуналлӏи,,,,
подкова,лъол,"р, р",лъолибол,лъолулӏи,лъолибалӏи,,,,
почка,кӏкӏуну,"р, р",кӏкӏунибол,кӏкӏунулӏи,кӏкӏунибалӏи,,,,
пуговица,миргъал,"б, б",миргъалол,миргъалулӏи,миргъалалӏи,,,,
радоваться,вергьинну,,,,,,"вергьан, йергьан, йергьамол",вергьан,вергьам
рана,ругъун,"р, р",ругъумол,ругъунулӏи,ругъумалӏи,,,,
рог,"ъвен, гъвен","б, б",ъвенол,ъвенулӏи,ъвенолилӏи,,,,
роса,щиб,б,,щиболӏи,,,,,
рубашка,гурдо,"р, р",гурдибол,гурдилӏи,гурдибалӏи,,,,
рукав,квелъир,"б, б",квелъирдул,квелъиролӏи,квелъирдалӏи,,,,
свадьба,бертин,"б, б",бертимол,бертинулӏи,бертималӏи,,,,
сено,гьунчӏа,"р, р",гьунчӏол,гьунчӏорлӏи,гьунчӏолилӏи,,,,
сердце,рокӏо,"р, р",рокӏол,рокӏоллӏи,рокӏолилӏи,,,,
серебро,орси,б,,орсилӏи,,,,,
сказка,муха,"б, б",мухал,мухалӏи,мухалилӏи,,,,
скрипеть,къиркъидери,,,,,,,къиркъиди,къиркъидиб
скрипеть,зиркъунну,,,,,,,зиркъун,зиркъум
слива,коком,"б, б",кокомил,кокомулӏи,кокомалӏи,,,,
смеяться,велълъери,,,,,,,велълъи,велълъиб
солома,ситӏа,б,,ситӏалӏи,,,,,
сорока,чаргъитӏи,"б, й",чаргъитӏол,чаргъитӏулӏи,чаргъитӏобалӏи,,,,
спина,мигъул,"б, б",мигъулол,мигъулолӏи,,,,,
старый,бохор,,,,,,"йохор, вохор, йохорол, вохорол",,
стрелять,кьвагьуноллу,,,,,,,кьвагьунолъи,кьвагьунолло
сыворотка,эрцӏцӏи,"р, р",эрцӏцӏил,эрцӏцӏилӏи,эрцӏцӏилилӏи,,,,
танец,лӏибдир,б,,лӏибдирлӏи,,,,,
тело,черхи,"б, б",черхил,черхилӏи,черхилилӏи,,,,
тень,анччу,"б, б",анччодул,анччулӏи,анччодалӏи,,,,
теплый,унсса,,,,,,,,
тесто,гьатӏи,б,,гьатӏилӏи,,,,,
ткать,бещери,,,,,,,бещи,бещо
туша,къулийеб,"б, б",къулийебол,къулибулӏи,къулийебалӏи,,,,
тянуть,кьаннери,,,,,,,кьанни,кьанно
уголь,гьабу,"б, б",гьабодул,гьабулӏи,гьабудалӏи,,,,
хвост,могъорчӏу,"б, б",могъорчӏобил,могъорчӏулӏи,могъорчӏобалӏи,,,,
хлев,бекьи,"б, б",бекьадул,бекьилӏи,бекьадалӏи,бекьу,,,
хромой,рекъу,,,,,,,,
цветок,джинджи,"р, р",джинджил,джинджилӏи,джинджилилӏи,,,,
чесать,хъеллери,,,,,,,хъелли,хъелло
чеснок,ражи,б,,ражилӏи,,,,,
чистый,берцӏцӏом,,,,,,"берцӏцӏом, верцӏцӏом, йерцӏцӏомол",,
читать,баъери,,,,,,,баъи,баъо
шило,гьиму,"р, р",гьимодул,гьимодулӏи,гьимодалӏи,,,,
шумовка,хинкӏилахом,"б, б",хинкӏилахомил,хинкӏилахомалӏи,хинкӏилахомалӏи,,,,
щека,гверзу,"б, б",гверзобил,гверзуллӏи,гверзобалӏи,,,,
щенок,кӏунцӏцӏи,"б, й",кӏунцӏцӏол,кӏунцӏцӏолӏи,кӏунцӏцӏалӏи,,,,
яблоко,инчи,"б, б",инчил,инчиллӏи,инчилилӏи,,,,
яма,дунгил,"б, б",дунгилол,дунгилулӏи,дунгилалӏи,,,,
ячмень,бурчӏина,"б, б",бурчӏинол,бурчӏинулӏи,бурчӏинобалӏи,,,,
ящерица,кьерчин,"б, й",кьерчимол,кьерчимулӏи,кьерчималӏи,,,,
блоха,чӏонни,"б, й",чӏоннол,чӏоннулӏи,чӏонналӏи,,,,
большой,бечӏуха,,,,,,"бечӏуха, вечӏуха, йечӏуха, йечӏухол",,
вошь,ноцӏцӏи,"б, й",ноцӏцӏол,ноцӏцӏулӏи,ноцӏцӏалӏи,,,,
гвоздь,гьанкӏо,"б, б",гьанкӏодул,гьанкӏоллӏи,гьанкӏодалӏи,,,,
голова,мийар,"р, р",мийардул,мийарулӏи,мийардалӏи,,,,
груша,гьиᵸгьиᵸ,"б, б",гьиᵸгьиᵸл,гьиᵸгьиᵸлӏи,гьиᵸгьиᵸлилӏи,,,,
дождь,цӏцӏа,"р, р",цӏцӏалил,цӏцӏалӏи,цӏцӏалилилӏи,,,,
дорога,микъи,"б, б",микъадул,микъилӏи,микъадалӏи,"микъабо, микъаво, микъайо, микъавол, микъайол",,,
дым,кӏвей,"б, б",кӏвейадул,кӏвейлӏи,кӏвейадалӏи,,,,
звезда,"цӏцӏа, цӏцӏва","р, р","цӏцӏалил, цӏцӏвалил",цӏцӏалилӏи,цӏцӏалилилӏи,,,,
зуб,сол,"р, р",солибол,солуллӏи,солибалӏи,,,,
кинжал,хъанжар,"б, б",хъанжардул,хъанжарулӏи,хъанжардалӏи,,,,
коза,цӏцӏиᵸйаᵸ,"б, й",цӏцӏеᵸнил,цӏцӏиᵸйоᵸлӏи,цӏцӏеᵸнилӏи,,,,
кольцо,цӏцӏекӏалъол,"р, р",цӏцӏекӏалъолол,цӏцӏекӏалъолулӏи,цӏцӏекӏалъолалӏи,,,,
корова,"зиᵸвуᵸ, зиᵸв","б, й",зиᵸнол,зиᵸвуᵸлӏи,зиᵸналӏи,,,,
короткий,вочо,,,,,,"йочо, бочо, рочо, вочол, йочол, бочол",,
красный,гьири,,,,,,,,
лоб,гьонно,"р, р",гьоннодул,гьонноллӏи,гьоннодалӏи,гьонноллуъа,,,
медведь,сеᵸй,"б, й",сеᵸйил,сеᵸйолӏи,сеᵸйилилӏи,,,,
молоко,щиᵸв,"р, р",щиᵸвол,щиᵸвулӏи,щиᵸводалӏи,щиᵸвулӏи,,,
молоток,куртӏа,"р, р",куртӏибол,куртӏулӏи,куртӏибалӏи,,,,
муха,тӏентӏа,"б, й",тӏентӏол,тӏентӏулӏи,тӏентӏалӏи,,,,
мышь,гьинкӏкӏу,"б, й",гьинкӏкӏол,гьинкӏкӏулӏи,гьинкӏкӏвалӏи,,,,
огонь,цӏа,"р, р",цӏалил,цӏалӏи,цӏалилилӏи,цӏалӏи,,,
олень,ритӏучӏи,"б, й",ритӏучӏол,ритӏучӏулӏи,ритӏучӏалӏи,,,,
осел,гьаморхи,"б, й",гьаморхол,гьаморхулӏи,гьаморхалӏи,,,,
петух,хӏелеко,"б, й",хӏелекобил,хӏелеколӏи,хӏелекобалӏи,,,,
пустой,бечӏугу,,,,,,"бечӏугу, речӏугу",,
сабля,хвалчен,"р, р",хвалчемил,хвалченулӏи,хвалчемалӏи,,,,
сани,чанагъи,"р, р",чанагъобил,чанагъулӏи,чанагъобалӏи,чанагъуъа,,,
синий,хвечи,,,,,,,,
сундук,гъвамарссу,"р, р",гъвамарссол,гъвамарссулӏи,гъвамарссобалӏи,гъвамарссула,,,
сын,вошо,"в, в",вошул,вошув,вошулув,,,,
ухо,гьантӏикӏа,"б, б",гьантӏикӏобил,гьантӏикӏулӏи,гьантӏикӏобалӏи,,,,
худой,хъелла,,,,,,,,
язык,мицӏцӏи,"б, б",мицӏцӏил,мицӏцӏилӏи,мицӏцӏибалӏи,,,,
печь,пещи,"б, б",пещил,пещиллӏи,пещилилӏи,пещилха,,,
печь,ахъи,б,ахъил,ахъилӏи,ахъилилӏи,,,,
печь (глагол),бежери,,,,,,,бежа,бежо
барабан,къали,"б, б",къалил,къалилӏи,къалилилӏи,,,,
бедный,бискин,,,,,,,,
беременная,гьанъо,,,,,,,,
бумага,кагъар,"р, р",кагъардул,кагъарулӏи,кагъардалӏи,,,,
бычок,къинком,"б, й",къинкомил,къинкомулӏи,къинкомалӏи,,,,
вдова,серо,,серол,сероллӏи,серолилӏи,,,,
вдовец,серо,,серол,сероллӏи,серолилӏи,,,,
верблюд,гъварани,"б, й",гъваранобил,гъваранулӏи,гъваранобалӏи,,,,
ворота,кав,"б, б",каводул,кавдолӏи,каводалӏи,кавдоха,,,
восемь,бейкьигу,,,,,,,,
воск,щир,"б, б",щирдул,щирлӏи,щирдалӏи,,,,
второй,чӏелдеб,,,,,,чӏелдебул,,
вы,биссил,,,,,,,,
глина,чӏабар,"б, б",чӏабардул,чӏабарлӏи,чӏабардалӏи,,,,
глупый,тохи,,,,,,,,
гнида,тӏана,"б, й",тӏанол,тӏанулӏи,тӏанолилӏи,,,,
гореть,цӏатери,,,,,,,цӏато,цӏатоб
гореть,лапешери,,,,,,,лапешой,
город,шагьар,"б, б",шагьардул,шагьарулӏи,шагьардалӏи,шагьаруъа,,,
гребень,гьокьу,"р, р",гьокьодул,гьокьудолӏи,гьокьодалӏи,,,,
грязь,гъузи,"б, б",гъузол,гъузиллӏи,гъузолилӏи,гъузалӏи,,,
густой,бекъуб,,,,,,рекъуб,,
да,"гьуᵸ, джи",,,,,,,,
двор,рей,"б, б",рейадул,рейлӏи,рейадалӏи,рейду,,,
десна,томил,"б, б",томилол,томилулӏи,томилалӏи,,,,
долг,налъи,"р, р",налъол,налъолӏи,налъолилӏи,,,,
драться,вахери,,,,,,,вахой,вахоб
другой,севло,,,,,,"севло, сейло, себло, севулло, сейилло, себулло",,
дуть,пудери,,,,,,,пуди,пудо
жирный,чора,,,,,,,,
жирный (бульон),чӏачӏи,,,,,,,,
здоровый,сагъи,,,,,,,,
иногда,жиб жиб заман,,,,,,,,
каждый,джиб,,,,,,джибул,,
уличная печь для хлеба,тавхан,б,,тавханулӏи,,,,,
капля,тӏонкӏил,"р, р",тӏонкӏилол,тӏонкӏилулӏи,тӏонкӏилалӏи,,,,
книга,ххуча,"р, р",ххучол,ххучулӏи,ххучалӏи,хучула,,,
колбаса,рудил,"б, б",рудилол,рудилулӏи,рудилалӏи,,,,
кормить,биконну,,,,,,"биконлъи, вуконлъи, йиконлъи, воконлъи, йоконлъи",биконлъи,биконно
кость,рокьи,"б, б",рокьол,рокьиллӏи,"рокьалӏи, рокьилилӏи",,,,
красивый,багъу,,,,,,,,
кукуруза,хӏечӏинкӏа,"б, б",хӏечӏинкӏол,хӏечӏинкӏулӏи,хӏечӏинкӏалӏи,,,,
куропатка,гъобгъо,"б, й",гъобгъол,гъобгъолӏи,гъобгъолилӏи,,,,
кусок,тупи,"б, б",тупил,тупиллӏи,тупилилӏи,,,,
легкий,лъолколъи,,,,,,,,
летучая мышь,лъалботӏи,"б, й",лъалботӏол,лъалботӏиллӏи,лъалботӏулилӏи,,,,
лопата,бел,"б, б",беладул,белулӏи,беладалӏи,,,,
медь,гьир,"б, б",гьирдул,гьирлӏи,гьирдобалӏи,,,,
мелкий,чӏантӏи,,,,,,,,
мертвый,вучӏой,,,,,,"йичӏой, бичӏой, йочӏой, вочӏой",,
мешок,таргьа,"б, б",таргьибол,таргьулӏи,таргьибалӏи,,,,
могила,шу,"б, б",шулибол,шулӏи,шулибалӏи,шудила,,,
молния,пири,"б, б",пирил,пирилӏи,пирилилӏи,,,,
мыло,сапун,"б, б",сапумол,сапунолӏи,сапумалӏи,,,,
одежда,роъол,"б, б",роъолол,роъоллӏи,роъолалӏи,,,,
одеяло,йоргъан,"б, б",йоргъамил,йоргъанулӏи,йоргъамалӏи,,,,
оса,гьанкьакӏур,"б, й",гьанкьакӏурол,гьанкьакӏурулӏи,гьанкьакӏуралӏи,,,,
падать,вукквери,,,,,,"вукку, йукку, букку, вукӏуй, йукӏуй, букӏуй",вукку,вуккуб
палас,паларсси,"б, б",паларссол,паларссулӏи,паларссолилӏи,,,,
паутина,гелчи,"б, б",гелчил,гелчилӏи,гелчилилӏи,,,,
пена,пол,"б, б",полил,поллӏи,полилилӏи,,,,
пещера,речӏчӏо,"б, б",речӏчӏадул,речӏчӏолӏи,речӏчӏадалӏи,,,,
пища,буги,"б, б",бугил,бугилӏи,бугилилӏи,,,,
плавать,коллери,,,,,,,коллир,коллиб
платок,кӏази,"р, р",кӏазил,кӏазилӏи,кӏазилилӏи,,,,
плесень,ккал,"б, б",ккалил,ккалуллӏи,ккалилилӏи,,,,
подушка,къелъин,"р, р",къелъимол,къелъинулӏи,къелъималӏи,,,,
половина,ахьал,"б, б",ахьалол,ахьаллӏи,ахьалолилӏи,,,,
половина,сейсиб,"б, б",сейсибол,сейсибулӏи,сейсибалӏи,,,,
просо,беча,,,,,,,,
раб,лагъи,"в, в; й, й",лагъол,лагъишув; лагъиллӏил,лагъолув; лагъолилӏи,,,,
расти,рижунну,,,,,,"рожун, бижун, божун",рижун,бижум
резать,рукъери,,,,,,"рукъи, бакъи, ракъи",букъи,рукъо
род,тухум,"б, б",тухумол,тухумулӏи,тухумалӏи,,,,
саван,мусру,"б, б",мусродул,мусрулӏи,мусродалӏи,,,,
сахар,писоки,"б, б",писокол,писокулӏи,писоколилӏи,,,,
сахар,чахъар,"б, б",чахъардул,чахъарулӏи,чахъардалӏи,,,,
свеча,чирахъи,"б, б",чирахъол,чирахъулӏи,чирахъалӏи,,,,
свинья,хунтӏа,"б, й",хунтӏил,хунтӏулӏи,хунтӏилилӏи,,,,
селезенка,эчӏчӏи,"б, б",эчӏчӏил,эчӏчӏиллӏи,эчӏчӏилилӏи,,,,
семь,гьокьугу,,,,,,,,
семья,хъизан,"б, б",хъизамил,хъизанулӏи,хъизамалӏи,,,,
сильный,къваку,,,,,,,,
слово,рошо,"б, б",рошол,рошоллӏи,рошолилӏи,,,,
сосать,цӏцӏуннери,,,,,,,цӏцӏунни,цӏцӏунно
сосать,боххинну,,,,,,роххонний,боххонний,боххон
сто,бешенугу,,,,,,,,
там,гьуду,,,,,,,,
тарелка,гъадара,"б, б",гъадардул,гъадарулӏи,гъадардалӏи,,,,
миска,чингил,"р, р",чингилол,чингилулӏи,y,,,,
теленок,лъедир,"б, й",лъедирдул,лъедиролӏи,лъедирдалӏи,,,,
терять,вутӏери,,,,,,"ритӏу, йитӏу, вутӏу, вотӏуй, йотӏуй",битӏу,битӏуб
тесть,имакьору,"в, в",имакьордобил,имакьорушув,имакьордав,,,,
точило,чарххи,"р, р",чарххил,чарххиллӏи,чарххилилӏи,,,,
точило,хъиру,"б, б",хъирдобил,хъирдолӏи,хъирдобалӏи,,,,
ты,мен,,,,,,,,
тысяча,озуругу,,,,,,,,
тюрьма,туснахъ,"б, б",туснахъол,туснахъиллӏи,туснахъалӏи,,,,
тяжелый,гьокӏору,,,,,,,,
угол,цӏцӏикон,"б, б",цӏцӏикомил,цӏцӏиконулӏи,цӏцӏикомалӏи,,,,
узел,кӏору,"б, б",кӏородул,кӏорулӏи,кӏородалӏи,,,,
цена,багьа,"б, б",багьал,багьаллӏи,багьалилӏи,,,,
человек,гьеква,в,,гьеквашулӏи,,,,,
четыре,боъогу,,,,,,"боъогу, воъогу, йоъогу",,
шаг,гали,"б, б",галил,галиллӏи,галилилӏи,,,,
я,ден,,,,,,,,
ярмо,рукьо,"р, р",рукьодул,рукьоллӏи,рукьодалӏи,,,,
бабочка,одорукӏа,"б, й",одорукӏол,одорукӏаллӏи,одорукӏалӏи,,,,
бок,исиб,"б, б",исибол,исибулӏи,исибалӏи,,,,
борозда,рохъи,"б, б",рохъадул,рохъиллӏи,рохъадалӏи,,,,
бык,бугъа,"б, й",бугъибадул,бугъулӏи,бугъибадалӏи,,,,
бык,унсо,"б, й",унсодал,унсулӏи,унсодалӏи,,,,
быстро,хехи,,,,,,,,
веник,коцӏи,"б, б",коцӏол,коцӏиллӏи,коцӏалӏи,,,,
вздрагивать,ирери,,,,,,,ирий,ириб
вилы,кӏвенкьа,"б, б",кӏвенкьибол,кӏвенкьулӏи,кӏвенкьибалӏи,,,,
виноград,чӏичӏи,"б, б",чӏичӏил,чӏичӏилӏи,чӏичӏилилӏи,,,,
внутри,гьину,,,,,,,,
ворона,гъанни,"б, й",гъаннол,гъаннулӏи,гъанналӏи,,,,
все,жибулгу,,,,,,"жийилгу, живулгу, жибулгу",,
гнездо,бешен,"б, б",бешемил,бешенлӏи,бешемалӏи,бешенъа,,,
пахнуть гнилью,шанохвери,,,,,,,шанохур,шанохуб
гнить,турери,,,,,,,тури,туриб
гной,охо,"б, б",охол,охоллӏи,охолилӏи,,,,
горький,букьин,,,,,,,,
губа,сункӏа,"б, б",сункӏобил,сункӏулӏи,сункӏобалӏи,,,,
далеко,элолла,,,,,,,,
делать,джидери,,,,,,,джеди,джидо
дом,милки,"б, б",милкил,милкиллӏи,милкилилӏи,,,,
дрожать,чӏирчӏишери,,,,,,,чӏирчӏийо,чӏирчӏишоб
жевать,чӏаммери,,,,,,,чӏамми,чӏаммо
жена,гьорчӏи,"й, й",гьорчӏобил,гьорчӏулӏи,гьорчӏобалӏи,,,,
живот,река,"р, р",рекобил,рекулӏи,рекобалӏи,рекула,,,
земляника,гъваркъи,р,,гъваркъилӏи,,,,,
знать,цӏиннери,,,,,,,цӏинни,цӏинниб
качать,йергъоллу,,,,,,"вергъолъи, йергъолъи, бергъолъи, йергъолъирил",вергъолъи,йергъолло
кирка,газа,"б, б",газибол,газулӏи,газибалӏи,,,,
клещ,арпа,"б, й",арпол,арпуллӏи,арполилӏи,,,,
комар,кӏкӏара,"б, й",кӏкӏарибол,кӏкӏарулӏи,кӏкӏарибалӏи,,,,
копать,хварери,,,,,,,хвари,хваро
копыто,лъол,"р, р",лъолибол,лъолулӏи,лъолибалӏи,,,,
кремень,чӏому,"б, б",чӏомодул,чӏомодалӏи,чӏомодалӏи,,,,
круглый,гургума,,,,,,,,
крышка,ъала,"р, р",ъалибол,ъалулӏи,ъалибалӏи,,,,
кувшин,кӏепи,"р, р",кӏепил,кӏепиллӏи,кӏепилилӏи,,,,
кузнечик,гъацӏа,"б, й",гъацӏол,гъацӏолӏи,гъацӏалӏи,,,,
кукарекать,уᵸъуᵸдери,,,,,,,уᵸъуᵸдий,уᵸъуᵸдиб
кулак,за,"б, б",задобил,задулӏи,задобалӏи,,,,
лапа,квачӏа,"р, р",квачӏибол,квачӏулӏи,квачӏибалӏи,,,,
лед,зар,"р, р",зардул,зарлӏи,зардалӏи,,,,
лицо,рижи,"р, р",рижил,рижиллӏи,рижилилӏи,,,,
локоть,цӏцӏикон,"б, б",цӏцӏикомил,цӏцӏиконулӏи,цӏцӏикомалӏи,,,,
медленно,илӏохъи,,,,,,,,
медленно,илӏогва,,,,,,,,
мельница,ихоб,"р, р",ихобил,ихобулӏи,ихобалӏи,,,,
менять,бершери,,,,,,"бершой, рершой",бершой,бершо
месить,кӏвкӏварери,,,,,,,кӏвкӏварий,кӏвкӏваро
мокрый,битӏонниб,,,,,,"ритӏонниб, ротӏоннибул, ботӏоннибул",,
молоть,ихохъери,,,,,,,ихохъий,ихохъо
муж,кунтӏа,"в, в",кунтӏобил,кунтӏув,кунтӏобав,,,,
муравей,лъанцӏцӏи,"б, й",лъанцӏцӏол,лъанцӏцӏолӏи,лъанцӏцӏалӏи,,,,
мычать,гьуммедери,,,,,,,гьуммеди,гьуммедиб
ноготь,мулъа,"б, б",мулъалол,мулъалулӏи,мулъалалӏи,,,,
овес,ниха,"б, б",нихал,нихаллӏи,нихалилӏи,,,,
овца,хӏайман,"б, й",хӏайманол,хӏайманулӏи,хӏайманалӏи,,,,
орел,цӏцӏум,"б, й",цӏцӏуммил,цӏцӏумолӏи,цӏцӏумалӏи,,,,
орех,авъал,"р, р",авъалол,авъаллӏи,авъалалӏи,,,,
осленок,токӏищи,"б, й",токӏищол,токӏищулӏи,токӏищалӏи,,,,
охапка,гьолӏийа,"б, б",гьолӏийол,гьолӏийулӏи,гьолӏийалӏи,,,,
пахать,бекьери,,,,,,,бекьий,бекьо
пень,гъадукӏол,"б, б",гъадукӏолол,гъадукӏолулӏи,гъадукӏолалӏи,,,,
песня,кечӏи,"б, б",кечӏол,кечӏолӏи,кечӏолилӏи,,,,
печень,реъилӏи,"р, р",реъилӏол,реъилӏулӏи,реъилӏобалӏи,,,,
пилить,хъухъанну,,,,,,,хъухъан,хъухъан
пиявка,куронжи,"б, й",куронжол,куронжулӏи,куронжалӏи,,,,
плакать,йекӏуъери,,,,,,"векӏуъи, йекӏуъи, бекӏуъи, йекӏуъол, векӏуъол",векӏуъи,векӏуъиб
полный,рицӏцӏиб,,,,,,"бицӏцӏиб, вуцӏцӏиб, йицӏцӏиб, воцӏцӏибул, йоцӏцӏибул,",,
послезавтра,сой,,,,,,,,
посуда,къай,"б, б",къайил,къайлӏи,къайилилӏи,,,,
правый,гьанчӏчӏил,,,,,,,,
продавать,бахоллу,,,,,,"бахолъий, рахолъий",бахолъий,бахолло
пупок,цӏцӏунно,"р, р",цӏцӏуннобил,цӏцӏунноллӏи,цӏцӏуннобалӏи,,,,
пыль,кьехва,"б, б",кьехвал,кьехвалӏи,кьехвалилӏи,,,,
пятка,мижа,"б, б",мижалол,мижалулӏи,мижалалӏи,,,,
ржать,хӏихӏишери,,,,,,,хӏихӏидир,хӏихӏишоб
рука,реъа,"р, р",реъобил,реъулӏи,реъобалӏи,,,,
сеять,бекьери,,,,,,"бекьи, рекьи",бекьи,бекьо
скользить,гъурери,,,,,,,гъури,гъуриб
сладкий,мицӏа,,,,,,,,
слышать,анлъери,,,,,,,анлъи,анлъиб
слюна,тото,"б, б",тотобол,тотолилӏи,тотобалӏи,,,,
смола,пирцӏцӏи,"б, б",пирцӏцӏил,пирцӏцӏилӏи,пирцӏцӏилилӏи,,,,
сноп,аста,"б, б",астибол,астулӏи,астибалӏи,,,,
собирать,бакӏарунну,,,,,,"бакӏарун, ракӏарун, вакӏарун, йакӏарун",бакӏарун,бакӏарун
соль,цӏцӏон,"р, р",цӏцӏонибол,цӏцӏонлӏи,цӏцӏонибалӏи,,,,
спать,кьихинну,,,,,,,кьихонни,кьихон
стричь,къирери,,,,,,,къири,къиро
сука,гежи,"б, й",гежобил,гежолӏи,гежобалӏи,,,,
считать,багвери,,,,,,,багу,баго
сыр,чӏами,"р, р",чӏамил,чӏамилӏи,чӏамилилӏи,,,,
таять,руцӏери,,,,,,"буцӏор, руцӏор",буцӏор,руцӏоб
толокно,гун,б,,гунлӏи,гунолӏол,,,,
тонкий,беъора,,,,,,"веъора, йеъора, веъорол, йеъорол",,
убегать,вучӏчӏунну,,,,,,"вучӏчӏун, йучӏчӏун, бучӏчӏун, вачӏчӏун, йачӏчӏун",вучӏчӏун,вучӏчӏум
уздечка,пархон,"р, р",пархомил,пархонулӏи,пархомалӏи,,,,
фундамент,гъа,б,,гъалӏи,,,,,
фундамент,кьучӏчӏи,"б, б",кьучӏчӏол,кьучӏчӏиллӏи,кьучӏчӏилалӏи,,,,
хвалить,веццихъери,,,,,,"веццихъи, йеццихъи, беццихъи, йеццихъол",веццихъи,веццихъо
холодный,содо,,,,,,,,
холодный,зархуб,,,,,,"зархур, зархуб",,
царапать,хъеллери,,,,,,,хъелли,хъелло
царапать,рихъери,,,,,,,рихъий,рихъо
цепь,раххасси,"р, р",раххассол,раххассулӏи,раххассалӏи,,,,
шить,бахинну,,,,,,"бахон, рахон",бахон,бахон
волос,лъин,"б, б",лъинибол,лъинлӏи,лъинибалӏи,,,,
завтра,щела,,,,,,,,
заяц,кьанкӏала,"б, й",кьанкӏалдул,кьанкӏалулӏи,кьанкӏалдалӏи,,,,
маленький,мичӏи,,,,,,,,
рот,кӏол,"б, б",кӏолибол,кӏололӏи,кӏолибалӏи,,,,
штаны,орчоги,"р, р",орчогобил,орчогулӏи,орчогобалӏи,,,,
штаны,шалавар,"р, р",шалаварол,шалаварлӏи,шалаваралӏи,,,,
стекло,матӏу,"р, р",матӏодул,матӏулӏи,матӏодалӏи,,,,
стол,устул,"б, б",устулол,устулулӏи,устулалӏи,,,,
ад,джуджахӏи,б,,джуджахӏаллӏи,,,,,
аккуратный,уцӏцӏилойсси,,,,,,,,
алюминий,тутийа,"б, б",тутийал,тутийалӏи,тутийалилӏи,,,,
арбуз,хъарпузи,"б, б",хъарпузол,хъарпузулӏи,хъарпузалӏи,,,,
башлык,башлухъи,"б, б",башлухъол,башлухъулӏи,башлухъалӏи,,,,
бегать,гьеллери,,,,,,,гьелли,гьеллиб
беседа,хабарчӏабар,"б, б",хабарчӏабарол,хабарчӏабарулӏи,хабарчӏабаралӏи,,,,
бинокль,дурмал,"б, б",дурмалол,дурмалулӏи,дурмалалӏи,,,,
блестеть,боквери,,,,,,"роквери, рикоко, вукоко, йикоко, вококо, йококо",бококо,"бикоб, бокобул"
болезнь,рукъур,"б, б",рукъурол,рукъурлӏи,рукъуралӏи,,,,
бросать,шаммери,,,,,,,шамми,шаммо
брызгать,пунхъишери,,,,,,,пунхъишо,пунхъишо
буйвол,гамущи,"б, й",гамущол,гамущулӏи,гамущалӏи,,,,
буква,хӏарпи,"б, б",хӏарпил,хӏарпиллӏи,хӏарпилилӏи,,,,
быстрый,хехи,,,,,,,,
в прошлом году,ссоб,,,,,,,,
вата,пампа,р,,пампаллӏи,,,,,
ваш,биссиб,,,,,,"биссив, биссивул, биссий, биссийил, биссиб, биссибул",,
вера,дин,б,,динлӏи,,,,,
верхний,гьиъасси,,,,,,,,
вещи,дан,"б, б",данол,данлӏи,даналлӏи,,,,
вина,айиб,"б, б",айибол,айибулӏи,айибалӏи,,,,
вкусный,мицӏцӏа,,,,,,,,
власть,ханлъир,"б, б",ханлъирол,ханлъирлӏи,ханлъиралӏи,,,,
вниз,гьикьу,,,,,,,,
внутренний,гьинусси,,,,,,,,
водка,аракъи,б,,аракъулӏи,,,,,
возможность,ресси,"б, б",рессил,рессиллӏи,рессилилӏи,,,,
войско,аскӏар,"б, б",аскӏарол,аскӏарлӏи,аскӏаралӏи,,,,
вокруг,бехъиссорий,,,,,,"вехъиссорий, йехъиссорий, бехъиссорий",,
волна,карачел,"б, б",карачелол,карачелулӏи,карачелалӏи,,,,
вопрос,суъал,"б, б",суъалол,суъалулӏи,суъалалӏи,,,,
восемьдесят,бейкьицӏолгу,,,,,,,,
воскресенье,гьатӏан,"р, р",гьатӏанол,гьатӏанлӏи,гьатӏаналӏи,,,,
вражда,тушманлъир,"б, б",тушманлъирол,тушманлъирлӏи,тушманлъиралӏи,,,,
вчерашний,сунисси,,,,,,,,
глист,жолка,"б, й",жолкол,жолкулӏи,жолкалӏи,,,,
государство,паччалухъи,"б, б",паччалухъол,паччалухъиллӏи,паччалухъалӏи,,,,
готовность,гьадурлъир,"б, б",гьадурлъирол,гьадурлъирлӏи,гьадурлъиралӏи,,,,
готовый,гьадур,,,,,,,,
граница,урхъи,"б, б",урхъадул,урхъудолӏи,урхъадалӏи,,,,
грех,мунагьи,"б, б",мунагьол,мунагьиллӏи,мунагьалӏи,,,,
грива,йал,"б, б",йалил,йалулӏи,йалуллӏол,,,,
грубый,хъачӏи,,,,,,,,
давно,нукӏвал,,,,,,,,
двести,чӏебешенугу,,,,,,,,
девяносто,гьочӏоцӏолгу,,,,,,,,
дело,хӏалтӏи,"б, б",хӏалтӏил,хӏалтӏиллӏи,хӏалтӏилилӏи,,,,
добыча,давла,"б, б",давлал,давлаллӏи,давлалилӏи,,,,
драка,вагьой,"р, р",вагьорил,,,,йагьой,,
душа,гьухьал; хӏухьал,"б, б",гьухьалол,гьухьалулӏи,гьухьалалӏи,,,,
дыня,пастӏан,"б, б",пастӏамил,пастӏанулӏи,пастӏамалӏи,,,,
дырявый,багимаша,,,,,,,,
дьявол,шайтӏан,"б, й",шайтӏамил,шайтӏанулӏи,шайтӏамалӏи,,,,
жадничать,къиннери,,,,,,,къинниб,къинниб
жажда,гьонкъо,"б, б",гьонкъол,гьонкъолӏи,гьонкъолилӏи,,,,
жалоба,арзи,"б, б",арзил,арзиллӏи,арзилилӏи,,,,
жаловаться,арзи джидери,,,,,,,арзи джеди,арзи джеди
жвачка,пирцӏцӏи,"б, б",пирцӏцӏил,пирцӏцӏилӏи,пирцӏцӏилилӏи,,,,
жизнь,умуру,"б, б",умурдул,умуруллӏи,умурдалӏи,,,,
жребий,мужру,"б, б",мужродул,мужрулӏи,мужродалӏи,,,,
забота,тӏалаб,"б, б",тӏалабил,тӏалабулӏи,тӏалабалӏи,,,,
затылок,херто,"б, б",хертол,хертолулӏи,хертолалӏи,,,,
здешний,гьолъусси,,,,,,,,
зимой,кьина,,,,,,,,
знакомство,цӏиннигьаъор,"в, й, б",цӏиннигьаъобул,,,,,,
знание,лъай,"р, р",лъайил,лъайиллӏи,лъайилилӏи,,,,
зоб,зоб,"б, б",зобил,зобиллӏи,зобилилӏи,,,,
испорченный,бичӏоб,,,,,,ричӏоб,,
какой,илӏисси,,,,,,,,
канатоходец,палгьан,"в, в",палгьамадул,палгьаншув,палгьамадав,,,,
карандаш,къалам,"б, б",къаламил,къаламулӏи,къаламалӏи,,,,
катушка,чарххи,"р, р",чарххил,чарххиллӏи,чарххилилӏи,,,,
качели,гьишкӏи,"б, б",гьишкӏил,гьишкӏиллӏи,гьишкӏилилӏи,,,,
кашель,ухӏул,"б, б",ухӏулол,ухӏулулӏи,ухӏулалӏи,,,,
керосин,набти,"б, б",набтил,набтиллӏи,набтилилӏи,,,,
кладбище,шулибол,б,,,шулибалӏи,,,,
клей,сино,"р, р",синол,синоллӏи,синолилӏи,,,,
когда,инна,,,,,,,,
конец,ахир,,,,,,,,
конечно,гьайгьай,,,,,,,,
конопля,кинлӏишен,"р, р",кинлӏишемил,кинлӏишенлӏи,кинлӏишемалӏи,,,,
корь,хъиру,"б, б",хъиродул,хъиродолӏи,хъиродалӏи,,,,
косой,къалчӏар,,,,,,,,
красить,бушери,,,,,,,бушо,бушо
краска,лажбар,"б, б",лажбардул,лажбарулӏи,лажбардалӏи,,,,
краснеть,гьиᵸрилъери,,,,,,,гьиᵸрилъи,гьиᵸри
кровать,карават,"б, б",караватол,караватиллӏи,караваталӏи,,,,
крючок,кицӏу,"р, р",кицӏодул,кицӏудолӏи,кицӏодалӏи,,,,
куда,ива,,,,,,"ийа, иба, ивал, ийал",,
куда-то,ивалъиболо,,,,,,,,
кукла,йошикӏу,"й, й",йошикӏобил,йошикӏоллӏи,йошикӏобалӏи,,,,
кукушка,гуггу,"б, й",гуггибол,гуггуллӏи,гуггибалӏи,,,,
куница,саркьу,"б, й",саркьодул,саркьуллӏи,саркьодалӏи,,,,
лев,гъалбацӏ,"б, й",гъалбацӏол,гъалбацӏулӏи,гъалбацӏалӏи,,,,
лекарство,дару,"б, б",дарудул,дарудолӏи,дарудалӏи,,,,
лениться,кӏвахӏаллъери,,,,,,,кӏвахӏаллъи,кӏвахӏаллъиб
лестница,милъур,"б, б",милъурдул,милъурулӏи,милъурдалӏи,,,,
любовь,рукьи,"б, б",рукьил,рукьиллӏи,рукьилилӏи,,,,
магнит,макълатӏис,"б, б",макълатӏисол,макълатӏисиллӏи,макълатӏисалӏи,,,,
материнство,илалъир,"б, б",илалъирол,илалъирлӏи,илалъиралӏи,,,,
мельник,иходуша,"в, в",иходушул,иходушашуб,иходушулуб,,,,
метка,анжи,"р, р",анжодул,анжиллӏи,анжодалӏи,,,,
мечеть,маштику,"б, б",маштикобил,маштикулӏи,маштикобалӏи,,,,
мечта,хийал,"б, б",хийалол,хийалулӏи,хийалалӏи,,,,
мозг,гьону,"р, р",гьонодул,гьонудолӏи,гьонодалӏи,,,,
молодеть,олохъанлъери,,,,,,,олохъанлъий,олохъанлъиб
моросить,лӏоммери,,,,,,,лӏоммий,
мять,къиннери,,,,,,,къинний,къинно
на,го,,,,,,,,
наверх,гьиъо,,,,,,,,
навес,окъу,"б, б",окъудул,окъулӏи,окъудалӏи,,,,
навоз,чил,"б, б",чилил,чиллӏи,чилилилӏи,,,,
надоедать,чӏаланну,,,,,,,чӏалан,чӏалам
назло,тӏулларай,,,,,,,,
наказание,тамихӏ,"б, б",тамихӏол,тамихӏиллӏи,тамихӏаллӏи,,,,
наковальня,лачи,"р, р",лачил,лачиллӏи,лачилилӏи,,,,
например,масала,,,,,,,,
наследство,ирси,"б, б",ирсил,ирсиллӏи,ирсилилӏи,,,,
начало,байбихьи,"б, б",байбихьилал,,,,,,
несколько,чомло,,,,,,,,
нигде,себгулолъуссу,,,,,,,,
нижний,гьикьуккуси,,,,,,,,
никакой,себгулоссу,,,,,,"сергулоссу, севгулоссу, сейгулоссу",,
никто,себгулоссу,,,,,,"сергулоссу, севгулоссу, сейгулоссу",,
обувь,нассил,,нассилол,,,,,,
оружие,йарагъи,"б, б",йарагъол,йарагъолӏи,йарагъалӏи,,,,
отказ,инкар,"б, б",инкардул,инкарулӏи,инкардалӏи,,,,
отсюда,гьонолъукку,,,,,,,,
оттуда,гьондолъукку,,,,,,,,
очередь,очири,"б, б",очиридол,очириллӏи,очиридалӏи,,,,
ошибка,гъалатӏи,"б, б",гъалатӏол,гъалатӏиллӏи,гъалатӏалӏи,,,,
павлин,тӏавус,"б, й",тӏавусол,тӏавусолӏи,тӏавусалӏи,,,,
падаль,балкан,"б, б",балкамил,балканулӏи,балкамалӏи,,,,
пар,гьал,"б, б",гьалил,гьалуллӏи,гьалилилӏи,,,,
передний,сседусси,,,,,,,,
персик,бечӏухаллӏи къурчи,,,,,,,,
петля,шинкӏи,"б, б",шинкӏилол,шинкӏиллӏи,шинкӏилалӏи,,,,
печать,мугьуру,"б, б",мугьуродул,мугьурулӏи,мугьуродалӏи,,,,
письмо,кагъар,"р, р",кагъардул,кагъарулӏи,кагъардалӏи,,,,
платье,гурдо,"р, р",гурдибол,гурдулӏи,гурдибалӏи,,,,
поблизости,лӏеру,,,,,,,,
подарок,сайгъат,"б, б",сайгъатол,сайгъатиллӏи,сайгъаталӏи,,,,
подвиг,гьунар,"б, б",гьунардул,гьунарулӏи,гьунардалӏи,,,,
подлый,хӏалихьати,,,,,,,,
подозревать,щаккунну,,,,,,,щаккун,щаккум
ползать,хъуршунну,,,,,,,хъуршун,хъуршун
польза,пайда,"б, б",пайдал,пайдаллӏи,пайдалилӏи,,,,
понос,риххил,"р, р",риххилол,риххиллӏи,риххилалӏи,,,,
порода,тайпа,"б, б",тайпал,тайпаллӏи,тайпалилӏи,,,,
потом,онщило,,,,,,,,
походка,релӏлӏир,,,,,,,,
право,ихтийар,"б, б",ихтийарол,ихтийарлӏи,ихтийаралӏи,,,,
приказ,амру,"б, б",амродул,амруллӏи,амродалӏи,,,,
причина,багьанна,"б, б",багьаннобил,багьанналлӏи,багьаннобалӏи,,,,
прут,цӏул,"р, р",цӏулибол,цӏулоллӏи,цӏулибалӏи,,,,
прут,жала,"р, р",жалибол,жалулӏи,жалибалӏи,,,,
пуля,гулла,"б, б",гуллил,гуллаллӏи,гуллалилӏи,,,,
пух,назбар,"б, б",назбардул,назбарулӏи,назбардалӏи,,,,
пятница,рузман,,,,,,,,
рабочий,гьалтӏухъан,"в, в; й, й",гьалтӏухъамадул,"гьалтӏухъаншув, гьалтӏухъанлӏи","гьалтӏухъамадав, гьалтӏухъамадалӏи",,,,
радость,роххел,"р, р",роххелол,роххелулӏи,роххелалӏи,,,,
разводиться,вуххери,,,,,,"вуххий, йиххий",вуххий,воххибул
ранить,къиройдери,,,,,,,къиролъий,къиройдо
рано,беркъа,,,,,,,,
редко,нагвагьи,,,,,,,,
речь,реддон,"р, р",реддомил,реддонулӏи,реддомалӏи,,,,
рис,пулав,"б, б",пулавол,пулавлӏи,пулавулӏи,,,,
родина,ватӏан,"б, б",ватӏамил,ватӏанулӏи,ватӏамалӏи,,,,
родители,илаъима,р,,илаъималлӏи,,,,,
рубль,сом,"б, б",сомил,,,,,,
ручка,кверччин,"б, б",кверччимол,кверччинулӏи,кверччималӏи,,,,
ряд,михъур,"б, б",михъурдул,михъурулӏи,михъурдалӏи,,,,
сажа,лали,"б, б",лалил,лалиллӏи,лалилилӏи,,,,
сам,живгу,,,,,,"живгу, жийгу, жибгу, живулгу, жийилгу, жибулгу",,
свобода,элолъир,"б, б",элолъирол,элолъирлӏи,элолъиралӏи,,,,
свободный,элолъир,"б, б",элолъирол,элолъирлӏи,элолъиралӏи,,,,
семьдесят,гьокьуцӏолгу,,,,,,,,
семьсот,гьокьубешенугу,,,,,,,,
сера,чӏабатӏи,"б, б",чӏабатӏол,чӏабатӏулӏи,чӏабатӏулӏол,,,,
сила,къуват,"б, б",къуватол,къуватулӏи,къуваталӏи,,,,
скандал,питна,"р, р",питнал,питналлӏи,питналилӏи,,,,
сковорода,зайдан,"р, р",зайдамил,зайданулӏи,зайдамалӏи,,,,
сковорода,гел,"б, б",гелил,гелулӏи,гелилилӏи,,,,
сколько,чӏомгъи,,,,,,чӏомъалгъи,,
сколько,илъагъи,,,,,,илъалгъи,,
сколько угодно,чӏобъасси,,,,,,,,
сколько угодно,ибъасси,,,,,,,,
скорпион,гьочӏо-ричӏин,"б, й",гьочӏо-ричӏимол,гьочӏо-ричӏинулӏи,гьочӏо-ричӏималӏи,,,,
скрип,къирри,"б, б",къиррилал,къирриллӏи,къиррилалӏи,,,,
скупой,къинниб,,,,,,,,
слабый,загӏип,,,,,,,,
слой,кьал,"б, б",кьалил,кьалуллӏи,кьалилилӏи,,,,
слон,пил,"б, й",пилил,пилуллӏи,пилилилӏи,,,,
смерть,ричӏор,"р, р",ричӏорол,ричӏоролӏи,ричӏоралӏи,,,,
смех,релъи,"б, б",релъил,релъиллӏи,релъилилӏи,,,,
сморкаться,лъуннери,,,,,,,лъунний,лъунно
совет,акълу,"р, р",акълодул,акълуллӏи,акълодалӏи,,,,
сомнение,щакилъир,"б, б",щакилъирол,щакилъирлӏи,щакилъиралӏи,,,,
сон,мокьи,"р, р",мокьалол,мокьиллӏи,мокьалалӏи,,,,
спасибо,баркала,,,,,,,,
спичка,къали,"б, б",къалил,къалиллӏи,къалилилӏи,,,,
спор,даъба,"б, б",даъбал,даъбалӏи,даъбалилӏи,,,,
ссориться,вохоннери,,,,,,"вохоннери, йохоннери, вухоннери, йихоннери",вохонний,вохонмул
спорить,къеценхъвери,,,,,,,къеценхъуй,къеценхъуб
стадо,реда,"р, р",редал,редалӏи,редалилӏи,,,,
старость,рохорлъир,"б, б",рохороллъир,рохорлъирлӏи,рохороллъирлӏи,,,,
столько,ибъало,,,,,,,,
стонать,зигардери,,,,,,,зигардир,зигардиб
сторона,исиб,"б, б",исибол,исиблӏи,исибалӏи,,,,
странный,тамаша,,,,,,,,
суббота,щамати,"р, р",щаматол,щаматилӏи,щаматалӏи,,,,
сукно,ххам,"б, б",ххамил,ххамлӏи,ххамилилӏи,,,,
сутки,релъозубу,"р, р",релъозубодул,релъозубулӏи,релъозубодалӏи,,,,
сюда,гьоваро,,,,,,"гьойаро, гьобаро",,
табак,тамако,"б, б",тамакол,тамаколӏи,тамакобалӏи,,,,
таз,тӏасси,"б, б",тӏассил,тӏассиллӏи,тӏассилилӏи,,,,
так,гьонокьей,,,,,,,,
такой,гьенебдий,,,,,,,,
творог,исо,"р, р",исобил,исолӏи,исобалӏи,,,,
терпение,сабру,"б, б",сабродул,сабрулӏи,сабродалӏи,,,,
толпа,"алам, гӏалам",б,,аламулӏи,,,,,
труба,мащу,"б, б",мащодул,мащодолӏи,мащодалӏи,,,,
трус,ццуццул,,,,,,,,
туда,гьудува,,,,,,"гьудуйа, гьудуба, гьудувал, гьудуйал",,
удивительный,тамаша,,,,,,,,
урчание,къуркъудир,,,,,,,,
утренний,охходоросси,,,,,,,,
утром,охходоро,,,,,,,,
фасоль,гьоли,"р, р",гьолил,гьолиллӏи,гьолилилӏи,,,,
финик,чамасаги,"б, б",чамасагол,чамасагиллӏи,чамасагалӏи,,,,
фитиль,чалу,"р, р",чалодул,чалулӏи,чалодалӏи,,,,
халва,хӏавла,б,,хӏавлаллӏи,,,,,
хлопок,пампа,,,,,,,,
ходить,велӏери,,,,,,"велӏи, йелӏи, белӏи",велӏи,велӏиб
хозяйство,магӏишати,б,,магӏишатиллӏи,,,,,
цемент,ссимити,"б, б",ссимитол,ссимитулӏи,ссимиталӏи,,,,
червяк,щирщил,"б, й",щирщилол,щирщилулӏи,щирщилалӏи,,,,
черепаха,цӏилли къурру,,,,,,,,
чернеть,бечӏедирлъери,,,,,,"вечӏедирлъи, йечӏедирлъи, бечӏедирлъи, бечӏедироллъи, вечӏедироллъи, йечӏедироллъи",вечӏедирлъи,вечӏедирлло
чернила,щакъи,"б, б",щакъил,щакъиллӏи,щакъилилӏи,,,,
честь,йахӏ,б,,йахӏиллӏи,,,,,
четвертый,боъолдеб,,боъолдебул,,,,,,
четки,ссайлат,"р, р",ссайлатол,ссайлатиллӏи,ссайлаталӏи,,,,
чугун,хъазан,,,хъазанулӏи,,,,,
шакал,ангурбоцӏо,"б, й",ангурбоцӏол,ангурулӏи,ангурдалӏи,,,,
шалаш,чалахъи,"б, б",чалахъол,чалахъулӏи,чалахъалӏол,,,,
шариат,шаръи,б,,шаръиллӏи,,,,,
шевелиться,вергъери,,,,,,"йергъери, вергъерил",вергъа,вергъаб
шелк,чиллай,б,,чиллайлӏи,,,,,
шорох,ширшири,б,,,,,,,
шум,хъуй,"б, б",хъуйил,хъуйлӏи,,,,,
щедрый,йахӏилжа,,,,,,йахӏилжа,,
щипать,цӏцӏиммери,,,,,,,цӏцӏимми,цӏцӏиммо
этаж,"ала, хъала",б,,алаллӏи,,,,,
ясный,рахоб,,,,,,рахоб,,
барсук,гьочӏомусси,"б, й","гьочӏомуссил, гьочӏомуссол",гьочӏомуссиллӏи,гьочӏомуссалӏол,,,,
белка,соригьинкӏкӏу,"б, й",соригьинкӏкӏвол,соригьинкӏкӏолӏи,соригьинкӏкӏваллӏол,,,,
блеять,гъаргъадери,,,,,,,гъаргъадир,гъаргъадиб
блеять,багӏадери,,,,,,багӏадирил,багӏадир,багӏадиб
богатый,буртӏа,,,,,,,,
болото,лъуцӏцӏи,"б, б",лъуцӏцӏил,лъуцӏцӏилӏи,лъуцӏцӏилилӏи,,,,
больной,рукъудосси,,,"рукъудоссишур, рукъудоссилӏи",,,,,
бояться,сирери,,,,,,,сири,сириб
вешать,гелоллу,,,,,,,гелолъи,гелоло
вино,вино,б,,виноллӏи,,,,,
враг,тушман,"в, в; й, й",тушманол,"тушманшур, тушманлӏи, тушманулӏи",тушманадул,,,,
всхлипывать,лълъимкъишери,,,,,,,лълъимкъишо,лълъимкъишоб
гаснуть,ричӏери,,,,,,"бичӏо, ричӏо",бичӏо,ричӏоб
гнуть,чӏаболлу,,,,,,,чӏаболъи,чӏаболло
говорить,рулӏери,,,,,,,рулӏи,рулӏо
говорить,веддонну,,,,,,"веддон, йеддон, веддонил",веддон,веддом
горячий,бекӏкӏуб,,,,,,рекӏкӏуб,,
гумно,гьинцӏцӏу,б,,гьинцӏцӏулӏи,,,,,
гусь,хъази,"б, й",хъазол,хъазолӏи,хъазалӏи,,,,
два,чӏегу,,,,,,,,
двадцать,чӏецӏолгу,,,,,,,,
девять,гьочӏогу,,,,,,,,
деньги,орси,б,,орсилӏи,,,,,
держать,биччери,,,,,,"биччи, риччи",биччи,биччо
десять,гьоцӏогу,,,,,,,,
дрова,лъуди,"б, б",лъудол,лъудиллӏи,лъудалӏи,,,,
друг,гьомологъи,"в, в; й, й",гьомологъадул,"гьомологъишур, гьомологъиллӏи","гьомологъадар, гьомологъадалӏи",,,,
жарить,бежери,,,,,,"бежо, режо",бежа,бежо
живой,чӏаго,,,,,,,,
замок,рекӏулол,р,,,рекӏулалӏи,,,,
зевать,гьаъакьери,,,,,,,гьаъакьо,гьаъакьиб
зять,нусо,"в, в",нусобдул,нусошув,нусобдавул,,,,
камыш,цӏцӏума,б,,цӏцӏумалӏи,,,,,
карман,кисав,"б, б",кисавол,кисавлӏи,кисавалӏи,,,,
качаться,гьанкӏери,,,,,,,гьанкӏишо,гьанкӏишоб
кипятить,охонну,,,,,,,охонлъи,охонно
кишка,рудил,"б, б",рудилол,рудилулӏи,рудилалӏи,,,,
класть,бикӏоллу,,,,,,"бикӏолъи, рикӏолъи, вукӏолъи, йикӏолъи, бокӏолъи, рокӏолъи, вокӏолъи, йокӏолъи",бикӏолъи,бикӏолло
кожа,хъал,б,хъалил,хъалуллӏи,хъалилилӏи,,,,
колыбель,кини,"б, б",кимил,киниллӏи,кимилилӏи,,,,
колючка,цӏцӏана,"р, р",цӏцӏанибол,цӏцӏанолӏи,цӏцӏанибалӏи,,,,
петь,къорери,,,,,,,къори,къоро
позвать,къорери,,,,,,,къори,къоро
позвонить,къорери,,,,,,,къори,къоро
курдюк,бехумугъул,б,бехумугъулол,бехумугъуллӏи,бехумугъулалӏол,,,,
ласточка,гьицӏичол,"б, й",гьицӏичолол,гьицӏичолалӏи,гьицӏичолалӏол,,,,
ленивый,кӏвагьал,,,,,,,,
лить,тӏиннери,,,,,,,тӏинни,тӏинно
ловить,биччери,,,,,,"биччери, йиччери",биччи,биччо
мозоль,пули,"б, б",пулил,пулиллӏи,пулилилӏи,,,,
мочь,бажанулло,,,,,,,бажарун,бажаруннуло
мы,ищил,,,,,,,,
мы,илӏил,,,,,,,,
мяч,торъо,"б, б",торъол,торъоллӏи,торъолилӏи,,,,
нет,ссу,,,,,,,,
один,себ,,,,,,,,
останавливаться,вугъери,,,,,,,вугъи,вугъиб
острый,бар,,,,,,,,
пастбище,алахи,"б, б",алахол,алахиллӏи,алахалӏи,алахил.ъо,,,
пепел,кье,"б, б",кьелил,кьелӏи,кьелилилӏи,,,,
первый,эсседусси,,,,,,,,
пищевод,ццула,"б, б",ццулол,,,,,,
плохой,тӏулу,,,,,,,,
плуг,кутум,"б, б",кутумол,кутумулӏи,кутумалӏи,,,,
позавчера,сунассиб,,,,,,,,
постель,бешен,"б, б",бешемил,бешенлӏи,бешемалӏи,,,,
просить,ходери,,,,,,,ходи,ходо
просыпаться,вучӏчӏери,,,,,,,вучӏчӏи,вучӏчӏиб
пять,иᵸшдугу,,,,,,,,
рвать,танноллу,,,,,,,таннолъи,таннолло
рваться,таннери,,,,,,,танни,танниб
ребенок,мочӏи,"в, в; й, й",мочӏил,мочӏишуб; мочӏиллӏи,мочӏилурул; мочӏилилӏол,,,,
ребро,исибулӏи рохъи,"б, б",рохъол,рохъиллӏи,рохъилалӏи,,,,
ремень,рокьучул,"р, р",рокьучулол,рокьучулулӏи,рокьучулалӏи,,,,
свекровь,илакьору,"й, й",илакьордобил,илакьорулӏи,илакьордобалӏи,,,,
свет,кванорлъир,"р, р",кванорлъирол,кванорлъирлӏи,кванорлъиралӏи,,,,
свидетель,анччиб,"в, в; й, й",анччибадул,"анччибшув, анччиблӏи","анччибадалув, анччибулилӏи",,,,
седло,кьеркьил,"р, р",кьеркьилол,кьеркьилулӏи,кьеркьилалӏи,,,,
сеновал,бегъва,"б, б",бегъвадул,бегъулӏи,бегъвадалӏи,,,,
серый,хъвейи,,,,,,,,
скала,кьури,"б, б",кьурибол,кьуриллӏи,кьурибалӏи,,,,
след,лъол,"р, р; б, б",лъолибол,лъолулӏи,лъолибалӏи,,,,
слеза,моъо,"б, б",моъол,моъолӏи,моъолилӏи,,,,
сова,бугьу,"б, й",,,,,,,
созревать,биъунну,,,,,,,биъунний,вуъум
солод,инни,р,,инниллӏи,,,,,
спрашивать,рацӏцӏинну,,,,,,,рацӏцӏин,рацӏцӏон
сыпать,чаболлу,,,,,,,чаболъи,чаболло
темный,ботӏи,,,,,,,,
тереть,чӏчӏанну,,,,,,,чӏчӏанни,чӏчӏанно
три,лъобгу,,,,,,,,
тридцать,лъобцӏогу,,,,,,,,
труп,джаназа,"б, б",джаназобил,джаназулӏи,джаназобалӏи,,,,
уксус,къанцӏи,б,,къанцӏилӏи,,,,,
улей,кону,,,,,,,,
улитка,щонкӏур,"б, й",щонкӏурдул,щонкӏурулӏи,щонкӏурдалӏи,,,,
улыбаться,ккиммери,,,,,,,ккимми,ккиммиб
умный,цӏцӏудур,,,,,,,,
ущелье,рекӏкӏа,"б, б",рекӏкӏадул,рекӏкӏулӏи,рекӏкӏадалӏи,,,,
хороший,шуб,,,,,,"шуб, шур, шуй",,
храпеть,хоммери,,,,,,,хомми,хоммо
час,саъати,"р, р; б, б",саъатобил,саъатулӏи,саъатобалӏи,,,,
часто,вугьу,,,,,,"бигьу, ригьу, йигьу",,
червь,жолка,"б, й",жолкол,жолкалӏи,жолкалилӏи,,,,
черемша,хӏанку,"б, б",хӏанкулол,хӏанкулӏи,хӏанкулолилӏи,,,,
чистить,бецӏцӏомийдери,,,,,,,бецӏцӏомийди,бецӏцӏомийдо
шапка,авъара,"б, б",авъардул,авъарулӏи,авъардалӏи,,,,
шесть,ойлӏигу,,,,,,,,
ягненок,бура,"б, й",бурдил,бурулӏи,бурдилӏи,,,,
яд,загьру,"б, б",загьродул,загьрулӏи,загьродалӏи,,,,
абрикос,къурчи,"б, б",къурчил,къурчиллӏи,къурчилилӏи,,,,
бедро,ахъу,"б, б",ахъобил,ахъулолӏи,ахъулолӏи,,,,
болеть,рукъвери,,,,,,,рукъур,рукъуб
брать,бихери,,,,,,"рихи, бихи",бихи,бихо
покупать,бихери,,,,,,"рихи, бихи",бихи,бихо
брить,ханнери,,,,,,,ханни,ханно
варить,билъонну,,,,,,"билъонну, рилъонну",билъон,билъон
верить,бужери,,,,,,"бужу, ружу",бужу,бужуб
ветка,анга,"р, р",ангибол,ангулӏи,ангибалӏи,,,,
видеть,гьаъери,,,,,,,гьаъо,гьаъоб
вянуть,бечӏанну,,,,,,,бечӏаний,бечӏан
глухой,гоъи,,,,,,,,
голенище,ссакур,"б, б",ссакурдул,ссакурулӏи,ссакурдалӏи,,,,
давать,иччери,,,,,,,иччи,иччо
детеныш,боши,"б, й",бошул,бошулилӏи,бошулилӏи,,,,
доить,берчӏери,,,,,,"йерчӏери , берчӏери",берчӏи,берчӏо
есть,кӏаммери,,,,,,,кӏамми,кӏаммо
есть,вуконну,,,,,,"йикон, йокон, вукон, вокон",вукон,вуком
жать,роквери,,,,,,,роко,роко
желудок,ихоб,"р, р",ихобил,ихобулӏи,ихобалӏи,,,,
жеребенок,тай,"б, й",тайил,тайолӏи,тайилилӏи,,,,
жир,соси,"р, р",сосол,сосиллӏи,сосолилӏи,,,,
жир,лӏурлӏа,"р, р",лӏурлӏол,лӏурлӏолӏи,лӏурлӏолилӏи,,,,
жужжать,зуннери,,,,,,,зуннир,зунниб
закрывать,рокъинну,,,,,,,рокъон,рокъон
звенеть,звархунну,,,,,,,звархун,звархум
игла,бежун,"б, б",бежумол,бежунолӏи,бежумалӏи,,,,
идти,релӏери,,,,,,,релӏи,релӏи
идти,вуъинну,,,,,,"вуъон, йиъом, йоъомул, воъомул, буъом",вуъон,вуъом
капать,кӏурдери,,,,,,,кӏурдир,кӏурдиб
клюв,кӏол,"б, б",кӏолибол,кӏололӏи,кӏолибалӏи,,,,
кнут,чӏартил,"р, р",чӏартилол,чӏартилулӏи,чӏартилалӏи,,,,
колос,ора,"б, б",оробил,орулӏи,оробалӏи,,,,
корень,гьикьим,"б, б",гьикьимол,гьикьимулӏи,гьикьималӏи,,,,
легкое,хунсир,"б, б",хунсидул,хунсирулӏи,хунсидалӏи,,,,
лист,лъахиб,"р, р",лъахибол,лъахибулӏи,лъахибалӏи,,,,
лист,ол,"р, р",олил,олуллӏи,олилилӏи,,,,
ломаться,бихъинну,,,,,,,бихъим,бихъим
луна,порцӏцӏи,"б, б",порцӏцӏадул,порцӏцӏилӏи,порцӏцӏадалӏи,,,,
мазать,бушери,,,,,,"бушери, рушери",бушо,бушо
масло,лӏурлӏа,"р, р",лӏурлӏол,лӏурлӏолӏи,лӏурлӏолилӏи,,,,
махать,хьваъунну,,,,,,,хьваъун,хьваъон
мед,гьунцӏцӏи,"р, р",гьунцӏцӏил,гьунцӏцӏилӏи,гьунцӏцӏибалӏи,,,,
место,миса,"б, б",мисал,мисаллӏи,мисалилӏи,,,,
молитва,ккубайдир,"р, р",ккуболийдирол,ккубайдирлӏи,ккуболийдирлӏи,,,,
мотыга,цел,"б, б",целадул,целуллӏи,целадалӏи,,,,
мягкий,лъуна,,,,,,,,
мякина,никку,"р, р",никкодул,никкулӏи,никкодалӏи,,,,
наперсток,цӏцӏекӏа,"б, б",цӏцӏекӏалъолол,цӏцӏекӏалӏи,цӏцӏекӏалъолалӏи,,,,
начинаться,байбихьунну,,,,,,,байбихьун,байбихьон
нитка,рекун,"р, р",рекумол,рекунолӏи,рекумалӏи,,,,
нюхать,шаншуннери,,,,,,,шаншунни,шаншунно
олово,гъалай,б,,гъалайлӏи,,,,,
оставаться,беддери,,,,,,"веддо, йеддо, беддо",беддой,беддо
открываться,архинну,,,,,,,архон,архон
плевать,тудери,,,,,,,туди,тудо
понимать,бичӏчӏунну,,,,,,ричӏчӏунну,бичӏчӏун,бичӏчӏум
потолок,эркъал,"б, б",эркъалол,эркъалулӏи,эркъалалӏи,,,,
приходить,вуъери,,,,,,"вуъо, йиъо, воъол, йоъол",вуъо,вуъоб
прыгать,лъибери,,,,,,,лъиби,лъибиб
самец,кунтӏа,"б, й",кунтӏол,кунтӏаллӏи,кунтӏолилӏи,,,,
свистеть,щоммери,,,,,,,щоммий,щоммо
сито,сусукӏу,"р, р",сусукӏобил,сусукӏулӏи,сусукӏобалӏи,,,,
слушать,анччери,,,,,,,анччий,анччиб
сновидение,мокьи,"р, р",мокьалол,мокьилӏи,мокьалалӏи,,,,
сосок,кока,"б, б",кокобил,кокулӏи,кокобалӏи,,,,
соха,ребццу,"р, р",ребццодул,ребццодолӏи,ребццодалӏи,,,,
стирать,абчери,,,,,,"авчери, айчери",абчо,абчо
сухой,бекъуб,,,,,,рекъур,,
убивать,джабери,,,,,,,джаби,джабо
убивать,чӏчӏабери,,,,,,,чӏчӏаби,чӏчӏабо
умирать,вучӏери,,,,,,"вучӏо, вочӏой",вучӏо,вучӏоб
хинкал,хинкӏил,"б, б",хинкӏилол,хинкӏилулӏи,хинкӏилалӏи,,,,
чихать,эбчунну,,,,,,,эбчунний,эбчум
шипеть,щоммери,,,,,,,щоммий,щоммо
шипеть,хьавдери,,,,,,,хьавди,хьавдиб
дверь,гьинцӏцӏу,"р, р",гьинцӏцӏобил,гьинцӏцӏулӏи,гьинцӏцӏобалӏи,,,,
кошка,геду,"б, й",гедобил,гедолӏи,гедобалӏи,,,,
мужчина,кунтӏа,"б, й",кунтӏол,кунтӏаллӏи,кунтӏолилӏи,,,,
трава,чӏаха,р,,чӏахалӏи,,,,,
ангел,малайки,"в, в",малайкол,малайкишуб,малайкабул,,,,
диван,диван,"б, б",дивамил,диванулӏи,дивамалӏол,,,,
жестокий,хъуби,,,,,,,,
копейка,кепекки,"б, б",кепекол,кепеккулӏи,кепеккалӏи,,,,
машина,машина,"б, б",машинобил,машинулӏи,машинобалӏи,,,,
намаз,ккубайдир,,ккуболийдирол,,,,,,
полоскать,чихамшери,,,,,,,чихамшо,чихамшо
пророк,авараг,в,,аварагишуб,,,,,
цыган,цигван,"в, в",цигвамадул,цигваншур,цигвамадар,,,,
школа,ушкул,"б, б",ушкулол,ушкулулӏи,ушкулалӏи,,,,
грузин,гуржи,"в, в",гуржийо,гуржийолув,гуржийолувшур,,,,
айва,хӏаваъинчи,"б, б",хӏаваъинчил,хӏаваъинчиллӏи,хӏаваъинчилилӏи,,,,
в ответ на пожелание,амин,,,,,,,,
амулет,сабаб,"р, р",сабабол,сабабулӏи,сабабалӏи,,,,
арка,кӏкӏамур,"б, б",кӏкӏамурдул,кӏкӏамурулӏи,кӏкӏамурдалӏи,,,,
бегом,гьеллиб,,,,,,,,
беда,къинтӏилъир,"р, р",къинтӏилъирол,къинтӏилъирлӏи,къинтӏилъиралӏи,,,,
беднеть,бискинлъери,,,,,,,бискинлъи,бискинлъиб
бедность,бискинлъир,"р, р; б, б",бискинлъирол,бискинлъирлӏи,бискинлъиролилӏи,,,,
белить,гьацӏайдери,,,,,,,гьацӏайди,гьацӏайдо
берег,рагьал,"б, б",рагьалдул,рагьалулӏи,рагьалдалӏи,,,,
боль,рукъур,"б, б",рукъурол,рукъурлӏи,рукъуралӏол,,,,
бородавка,гьиму,"р, р",гьимодул,гьимулӏи,гьимодалӏи,,,,
бороться,гугарунну,,,,,,,гугарун,гугарум
борьба,рахор,б,,рахорлӏи,,,,,
ботва,маъа,"б, б",маъол,маъулӏи,маъалӏи,,,,
бочка,шалеги,"б, б",шалегобил,шалегулӏи,шалегобалӏи,,,,
брак,бертин,"б, б",бертимол,бертинулӏи,бертималӏи,,,,
бронза,йези,б,,йезилӏи,,,,,
бубен,джергъин,"б, б",джергъемил,джергъинулӏи,джергъемалӏи,,,,
бутылка,шиша,"р, р",шишобил,шишулӏи,шишобалӏи,,,,
быть,бикӏвери,,,,,,,бикӏо,вукӏоб
в позапрошлом году,ссебо,,,,,,,,
в руках,коду,,,,,,,,
в этом году,жерешина,,,,,,,,
ведро,челеки,"б, б",челекобил,челекулӏи,челекобалӏи,,,,
везде,инуккуъимало,,,,,,,,
веселый,рокӏоъило,,,,,,,,
весы,килол,р,,,килолилӏи,,,,
ветвь,анга,"р, р",ангибол,ангулӏи,ангибалӏи,,,,
ветхий,кьира,,,,,,,,
вещь,дан,"б, б",данол,данлӏи,даналлӏи,,,,
взаймы,налъохъи,,,,,,,,
взятка,ришвати,б,,ришватиллӏи,,,,,
вишня,жигижаги,р,,жигижагиллӏи,,,,,
вкус,тӏагӏам,"б, б",тӏагӏамил,тӏагӏамулӏи,тӏагӏамалӏи,,,,
внимание,бакки,б,,баккилӏи,,,,,
воздух,гьава,б,,гьаваллӏи,,,,,
возраст,ригьи,"б, б",ригьиллӏол,,,,,,
войлок,гьургу,"б, б",гьоргодул,гьургулӏи,гьоргодалӏи,,,,
волдырь,пудил,"б, б",пудилол,пудилулӏи,пудилалӏи,,,,
ворчать,гъулгъудери,,,,,,,гъулгъудир,гъулгъудиб
воспитание,гӏахълулъай,б,,гӏахълулъайлӏи,,,,,
восьмой,бейкьилдеб,,,,,,,,
вперед,сседи,,,,,,,,
впотьмах,ботӏидохъи,,,,,,,,
вращаться,ссорери,,,,,,,ссори,ссориб
время,заман,б,,заманлӏи,,,,,
время,ригьи,б,,ригьиллӏи,,,,,
вспыльчивый,ххеххи,,,,,,,,
вторник,талати,,,,,,,,
выше,гьиъаъон,,,,,,,,
где-то,инуболо,,,,,,,,
глоток,хъунхъу,,,,,,,,
глубина,удилъир,б,,удилъирлӏи,,,,,
глупеть,абдаллъери,,,,,,,абдаллъий,абдаллъиб
голодный,чолтоб,,,,,,,,
готовиться,хӏадурлъери,,,,,,,хӏадурлъи,хӏадурлъиб
грабить,бекъашери,,,,,,,бекъаши,бекъашо
грипп,гьонхъисси,,,,,,,,
двигаться,хьвадунну,,,,,,,хьвадунний,хьвадум
двигаться,велӏери,,,,,,,велӏо,велӏиб
девятый,гьочӏолдеб,,,,,,,,
действительно,вутӏигу,,,,,,"йитӏигу, битӏигу",,
делить,чӏерлӏери,,,,,,,чӏерлӏи,чӏерлӏо
дикий,алхулӏи,,,,,,,,
длина,реххула,б,буххулол,,,,"беххула, реххула",,
добро,рецци,б,,,,,,,
довольный,рази,,,,,,,,
долгий,реххула,,,,,,беххула,,
дома,ищу,,,,,иша ишадахъи (все по домам),,,
дорожать,хиралъери,,,,,,,хиралъи,хирайдо :( *хиралло
достоверный,кьучӏчӏилойсси,,,,,,,,
дракон,аздагьу,"б, й",аздагьобил,аздагьулӏи,аздагьобалӏи,,,,
древесина,лъуди,"б, б",лъудол,лъудиллӏи,лъудалӏи,,,,
дремать,чӏабери,,,,,,,чӏаби,чӏабиб
дробь,чечма,"б, б",чечмал,чечмаллӏи,чечмалилӏи,,,,
дыхание,шанкьаннир,б,,шанкьаннирлӏи,,,,,
дыхание,гьухьал; хӏухьал,"б, б",гьухьалол,гьухьалулӏи,гьухьалалӏи,,,,
дятел,кӏутӏкӏутӏ,"б, й",кӏутӏкӏутӏол,кӏутӏкӏутӏиллӏи,кӏутӏкӏутӏалӏи,,,,
еда,мугьу,"б, б",мугьодул,мугьулӏи,мугьодалӏи,,,,
ежедневно,зубулӏи,,,,,,,,
еще,гьинджелло,,,,,,,,
еще,себгуло,,,,,,,,
жало,"ъвен, гъвен","б, б",ъвенибол,ъвенулӏи,ъвенибалӏи,,,,
желание,муради,"б, б",мурадол,мурадиллӏи,мурадалӏи,,,,
желтеть,чаккулъери,,,,,,,чаккулъий,чаккулъиб
женский,йошулилӏи,,,,,,,,
журавль,решинолӏи къурру,,решинолӏи къуррол,решинолӏи къурролӏи,решинолӏи къурралӏи,,,,
завещание,васийат,"б, б",васийатол,васийатиллӏи,васийаталӏи,,,,
завидный,севлеху,,,,,,,,
завтрашний,шеласси,,,,,,,,
загон,гъадил,"б, б",гъадилол,гъадилулӏи,гъадилолалӏи,,,,
задача,масъала,"б, б",масъалобил,масъалулӏи,масъалобалӏи,,,,
запрет,хӏарам,"б, б",хӏарамол,хӏарамулӏи,хӏарамалӏол,,,,
засыпать,кьихинну,,,,,,,кьихон,кьихом
защищать,цӏеннери,,,,,,,цӏенний,цӏенно
заявление,арзи,"б, б",арзил,арзиллӏи,арзилилӏи,,,,
звонок,зарзал,"р, р",зарзалол,зарзалулӏи,зарзалалӏи,,,,
здоровье,сагъилъир,"б, б",сагъилъирол,сагъилъирлӏи,сагъоллъиралӏи,,,,
зеленеть,хвечилъери,,,,,,,хвечилъий,хвечилъиб
зрение,гьалли,"р, р",гьаллил,гьаллиллӏи,гьаллилилӏи,,,,
зурна,зумура,"б, б",зумурдул,зумурулӏи,зумурдалӏи,,,,
игра,гидал,"б, б",гидалол,гидалулӏи,гидалалӏо,,,,
избалованный,лъака,,,,,,,,
известь,гачи,"б, б",гачил,гачилӏи,гачилилӏи,,,,
изнутри,гьинукку,,,,,,,,
изобильный,гьарза,"б, б",гьарзол,гьарзалӏи,гьарзолилӏи,,,,
изредка,нагвагьи,,,,,,,,
изъян,гъайа,,,,,,,,
или,йа,,,,,,,,
имам,дибир,"в, в",дибирадул,дибиршур,дибирадарул,,,,
индюк,гургул,"б, й",гургулол,гургулулӏи,гургулалӏи,,,,
истинный,гьакъаб,,,,,,,,
каблук,мижа,"б, б",мижалол,мижалулӏи,мижалалӏи,,,,
казак,хъазахъи,"в, в",хъазахъол,хъазахъишур,хъазахъарул,,,,
как угодно,чӏорохъи,,,,,,,,
как угодно,чӏобкьо,,,,,,,,
калитка,гъалир,"б, б",гъалирдул,гъалирдолӏи,гъалирдалӏол,,,,
камедь,сино,"р, р",синол,синолӏи,синолилӏи,,,,
канава,рохъи,"б, б",рохъадул,рохъиллӏи,рохъадалӏи,,,,
картофель,картуш,"б, б",картушол,картушулӏи,картушалӏи,,,,
каша,кощи,"р, р",кощил,кощилӏи,кощилилӏи,,,,
клевета,бутан,"р, р",бутамил,бутанулӏи,бутамалӏи,,,,
клейстер,шилиш,"р, р",шилишол,шилишулӏи,шилишалӏи,,,,
когда-нибудь,инналъиболло,,,,,,,,
коридор,калидур,"б, б",калидурол,калидурулӏи,калидуралӏи,,,,
крепость,хъала,"б, б",хъалибол,хъалаллӏи,хъалибалӏи,,,,
крошка,чӏичӏихъил,"б, б",чӏичӏихъилол,чӏичӏихъилулӏи,чӏичӏихъилалӏи,,,,
кружка,гурушка,"б, б",гурушкобил,гурушкулӏи,гурушкобалӏи,,,,
кто,им,,,,,,,,
куда-нибудь,ивагу вукӏоболло,,,,,,ийагу йикӏоболло,,
кудахтать,къудери,,,,,,,къудир,къудиб
кузнец,ихум,"в, в",ихумадул,ихумшур,ихумадарул,,,,
курить,кьаннери,,,,,,,кьаннир,кьанно
куча,гъун,"б, б",гъунадул,гъунлӏи,гъунадалӏи,,,,
левша,кучӏилъасси,,,,,,,,
лемех,къеб,"б, б",къебадул,къеболӏи,къебадалӏи,,,,
летом,къина,,,,,,,,
линия,михъур,"б, б",михъурдул,михъурулӏи,михъурдалӏи,,,,
лишний,экӏу,,,,,,,,
лом,тупанги,,,,,,,,
лопаться,кьвагьунну,,,,,,,кьвагьун,кьвагьум
лучина,мигу,"б, б",мигодул,мигулӏи,мигодалӏи,,,,
любимый,ххира,,,,,,,,
любой,бокьарав,,,,,,бокьарай,,
маслобойка,кверу,"б, б",квердобил,квердолӏи,квердобалӏи,,,,
матрац,бешен,"б, б",бешемил,бешенлӏи,бешемалӏи,бешенъа,,,
медлительный,илӏохъи,,,,,,,,
метла,лӏарлӏал,"б, б",лӏарлӏалол,лӏарлӏаллӏи,лӏарлӏалалӏи,,,,
мешочек,таргьа,"б, б",таргьибол,таргьулӏи,таргьибалӏи,,,,
мигать,къабшунну,,,,,,,къабшун,къабшум
минарет,миъмар,"б, б",миъмарол,миъмарулӏи,миъмаралӏи,,,,
минута,минута,"б, б",минутол,минутиллӏи,минуталӏи,,,,
мириться,рокъери,,,,,,,рокъий,рокъиб
моргать,къабшунну,,,,,,,къабщун,къабшум
морковь,маматӏур,"б, б",маматӏурол,маматӏурулӏи,маматӏуралӏи,,,,
мочевой пузырь,покъу,"б, б",покъудул,покъудолӏи,покъудалӏи,,,,
мудрец,цӏудур,,,,,,,,
мулла,дибир,"в, в",дибирадул,дибиршур,дибирадарул,,,,
мутный,аргъван,,,,,,,,
мысль,пикру,"б, б",пикродул,пикруллӏи,пикрудалӏи,,,,
наверху,гьиъа,,,,,,,,
надевать,бикьинну,,,,,,,бикьин,бикьон
надежда,хьул,"б, б",хьуладул,,хьуладалӏи,,,,
напильник,чирон,"б, б",чиромил,чиронлӏи,чиромалӏи,,,,
напоказ,гьаъери,,,,,,,,
напрасно,адада,,,,,,,,
насилие,зулму,"б, б",зулмодул,зулмулӏи,зулмодалӏи,,,,
настоящий,битӏибиши,,,,,,,,
нетель,чӏора,"б, й",чӏоробил,чӏоролӏи,чӏоробалӏи,,,,
неужели,гьугъибахъиле,,,,,,,,
никак,себгуло хъибъа,,,,,,,,
никогда,онщигуло,,,,,,,,
ничего,тӏирилоссу,,,,,,,,
ничего,себгуло,,,,,,,,
нора,багин,"б, б",багимол,багинулӏи,багималӏи,,,,
нужда,гьаджатилъир,,,,,,,,
обезьяна,маймалаки,,,,,,,,
обжора,кӏункӏул,"в, в",кӏункӏулол,кӏункӏулшур,кӏункӏулолуб,,,,
огурец,охцер,"б, б",охцердул,охцерулӏи,охцердалӏи,,,,
ответ,джаваб,"б, б",джавабол,джавабулӏи,джавабалӏи,,,,
отдельно,батӏа,,,,,,,,
откуда,инуккусси,,,,,,,,
офицер,апицер,"в, в",апицерадул,апицершур,апицерадар,,,,
оценка,къиммати,,,,,,,,
пазуха,инлъир,,,,,,,,
пальто,палту,"б, б",палтодул,палтудолӏи,палтодалӏи,,,,
папироса,хъалийан,"б, б",хъалийамил,хъалийанулӏи,хъалийамалӏи,,,,
переворачивать,ссороллу,,,,,,,ссоролъи,ссоролло
перец,пурч,б,,пурчилӏи,,,,,
плавить,буцӏоллу,,,,,,руцӏоллу,буцӏолъи,буцӏолло
плита,къуну,"р, р",къунибол,къунуллӏи,къунибалӏи,,,,
плов,пулав,б,,пулавлӏи,,,,,
плотник,устар,"в, в",устарадул,устаршур,устарадарул,,,,
по-другому,себлолхъиба,,,,,,,,
под,гьикьу,,,,,,,,
подниматься,гьевцӏери,,,,,,"гьейцӏери, гьебцӏери",гьевцӏи,гьевцӏиб
подпруга,къвал,"б, б",къвалил,къвалуллӏи,къвалилилӏи,,,,
подряд,бехудусседу,,,,,,,,
поздно,кватӏунну,,,,,,,,
позор,сули,,,,,,,,
позор,инзил,"б, б",инзилол,инзилулӏи,инзилалӏи,,,,
полезный,мунпаъати,,,,,,,,
полночь,рокьирелъол,,,,,,,,
полотенце,рокьучул,"р, р",рокьучулол,рокьучулулӏи,рокьучулалӏи,,,,
полоть,хварери,,,,,,,хвари,хваро
помощь,кумеки,"б, б",кумекол,кумекиллӏи,кумекалӏи,,,,
понедельник,итни зубу,,,,,,,,
попрошайка,хохол,"в, в; й, й",хохоладул,хохолшур; хохоллӏи,"хохоладар, хохоладалӏи",,,,
порох,чӏир,б,,чӏирлӏи,,,,,
портить,бичӏоллу,,,,,,ричӏоллу,бичӏолъи,бичӏолло
портиться,бичӏери,,,,,,ричӏой,бичӏой,бичӏоб
поручение,молъи,"р, р",молъалол,молъиллӏи,молъалалӏи,,,,
посторонний,гьекӏуб,,,,,,,,
почему,"ил.ъо, иллъий",,,,,,,,
почерк,хатӏи,р,,хатӏиллӏи,,,,,
правитель,хӏаким,"в, в",,,,,,,
правительство,хӏукумати,"б, б",хӏукуматол,хӏукуматиллӏи,хӏукуматалӏол,,,,
прежний,нукӏвалсси,,,,,,,,
приглашать,къорери вуъон (звать прийти),,,,,,,,
пригоршня,лъумур,"б, б",лъумурдул,"лъумурлӏи, лъумурулӏи",лъумурдалӏол,,,,
пример,мисал,б,,мисалалӏи,,,,,
приоткрывать,бучӏонно,,,,,,ручӏонний,бучӏонний,бучӏонно
природа,тӏабигӏат,,,,,,,,
прицел,ишан,б,,,,,,,
проголодаться,чолтери,,,,,,,чолто,чолтоб
проповедь,ваъаза,"б, б",ваъазал,ваъазаллӏи,,,,,
простор,атӏилъи,,,,,,,,
прочный,бещийа,,,,,,рещийа,,
прошлогодний,собсси,,,,,,,,
пузыриться,пулхуннери,,,,,,,пулхунний,пулхум
пушка,арада,"б, б",арадобил,арадулӏи,арадобалӏи,,,,
пьянеть,вегулъери,,,,,,,вегулъиб,вегулъиб
пятно,тӏанкил,"б, б",тӏанкилол,тӏанкилулӏи,тӏанкилалӏи,,,,
пятьсот,иᵸшдубешенегу,,,,,,,,
раз,микъи,,,,,,,,
разговор,реддон,"р, р",реддомил,реддонулӏи,реддомалӏи,,,,
размышление,пикру,"б, б",пикродул,пикруллӏи,пикрудалӏи,,,,
разница,батӏалъир,б,,батӏалъирлӏи,,,,,
разрешение,изну,б,,,,,,,
рай,алджан,,,,,,,,
ранение,къиралъий,,,,,,,,
рассвет,кванлъир,,,,,,,,
рассол,цӏонтур,,,,,,,,
расстояние,манзил,"б, б",манзилол (?),манзилулӏи,манзилалӏи,,,,
ревновать,щаки,,,,,,,щакиб,щаком
редкий,мичӏчӏиру,,,,,,,,
результат,хӏассил,"б, б",хӏассилол,хӏассилулӏи,хӏассилалӏи,,,,
решение,хӏукму,"б, б",хӏукмодул,хӏукмуллӏи,хӏукмодалӏи,,,,
ржавчина,кьаву,"б, б",кьаводул,кьавулӏи,кьаводалӏи,,,,
ронять,буколлу,,,,,,"йуколлу, вуколлу, йукӏоллу, вукӏоллу",буколъий,буколло
рубанок,ссургу,"б, б",ссургодул,ссургулӏи,ссургодалӏи,,,,
сад,охи,"р, р",охил,охилӏи,охилалӏи,,,,
сапоги,чакмай,"б, б",чакмайол,чакмайулӏи,чакмайалӏи,,,,
сбивать,букӏолло,,,,,,"рукӏолло, вукӏолло, йукӏолло",букӏолъи,букӏолло
сбор,мишу,б,,,,,,,
свекла,чӏабкӏулди,"б, б",чӏабкӏулдол,чӏабкӏулдулӏи,чӏабкӏулдалӏи,,,,
сверху,"гьиъакку, лъобакку",,,,,,,,
светать,кванлъери,,,,,,,кванлъий,кванлъиб
седеть,гьацӏалъери,,,,,,,гьацӏалъи,гьацӏалъиб
сердцевина,рокӏо,"р, р",рокӏол,рокӏоллӏи,рокӏолилӏи,,,,
ситец,чит,р,,читиллӏи,,,,,
складывать,ролъери,,,,,,,ролъо,ролъо
складывать,сукӏунну,,,,,,,сукӏонни,сукӏуон
скоблить,хъеллери,,,,,,,хъелли,хъелло
скользкий,чӏчӏари,,,,,,,,
скорлупа,хъал,б,хъалил,хъалуллӏи,хъалилилӏи,,,,
слепнуть,ботӏилъери,,,,,,,ботӏилъи,ботӏилъиб
слишком,бигьу,,,,,,"бигьу, ригьу, йигьу",,
слушаться,кантӏунери,,,,,,,,
смысл,анччери,,,,,,,анччий,анччиб
соболезнование,зигара,б,зигардул,зигаралӏи,зигардалӏи,,,,
согласие,разилъир,б,,разилъирлӏи,,,,,
соглашаться,разилъери,,,,,,,разилъий,разилъери вуккуйа
сода,суда,б,,судаллӏи,судалӏол,,,,
сорт,тайпа,"б, б",тайпал,тайпаллӏи,тайпалилӏи,,,,
состояние,хӏал,б,,,,,,,
спешить,эдеъунну,,,,,,,эдеъун,эдеъум
спешить,ххеххери,,,,,,,ххеххи,ххеххилъиб
спокойно,параъати,,,,,,,,
спокойно,сабрулъа,,,,,,,,
спорить,даъбадунну,,,,,,,даъбадунний,даъбадум
способность,гьунар,"б, б",гьунардул,гьунарулӏи,гьунардалӏи,,,,
средний,вокьусси,,,,,,"йокьусси, бокьусси, рокьусси",,
ссора,питна,"р, р",питнал,питналлӏи,питналилӏи,,,,
ссора,гъалмагъар,б,,гъалмагъарлӏи,,,,,
сталь,чирон,б,,чиронлӏи,,,,,
стареть,вохорлъерий,,,,,,"йохорлъи, бохорлъи,",вохорлъи,вохорлъиб
столб,гьума,"б, б",гьумадол,гьумаллӏи,гьумадалӏи,,,,
столица,тахшагьар,б,,,,,,,
стон,зигара,б,зигардул,зигаралӏи,зигардалӏи,,,,
строка,михъур,"б, б",михъурдул,михъурулӏи,михъурдалӏи,,,,
стучать,кӏутӏишери,,,,,,,кӏутӏишо,кӏутӏишо
частое сердцебиение,тӏваркӏишери,р,,тӏваркӏиллӏи,,,,,
суп,чорпа,б,чорпал,чорпаллӏи,чорпалилӏи,,,,
сустав,ричӏин,"р, р",ричӏимол,ричӏинулӏи,ричӏималӏи,,,,
сырой,анниб,,,,,,,,
тайна,къеча,б,,къечалилӏи,,,,,
тайный,къеча,,,,,,,,
терпеливый,сабрулойсси,,,,,,,,
тесный,къинтӏи,,,,,,,,
ткань,хам,"б, б",хамил,хамлӏи,хамилилӏи,,,,
толстяк,вуши,,,,,,"вуши, биши, йиши, вушол, йишол",,
толщина,бишилъир,б,,,,,ришилъир,,
топтать,берхьунну,,,,,,,берхьун,берхьон
торговля,дарам,"б, б",дарамил,дарамлӏи,,,,,
точка,тӏанкӏил,"р, р",тӏанкӏилол,тӏанкӏилулӏи,тӏанкӏилалӏи,,,,
точно,битӏи,,,,,,,,
точно,дуруси,,,,,,,,
тощий,хъелла,,,,,,,,
требование,тӏалаб,"б, б",тӏалабил,,,,,,
трескаться,кьватӏунну,,,,,,,кьватӏун,кьватӏунолло
третий,лъобдеб,,,,,,,,
трость,анса,"р, р",ансибол,ансулӏи,ансибалӏи,,,,
трусливый,ццуццул,,,,,,,,
тыква,держикӏа,"б, б",держикӏол,держикӏулӏи,держикӏалӏи,,,,
тюбетейка,писи,"б, б",писил,писиллӏи,писиллӏи,,,,
головной убор,такъийа,б,,такъийулӏи,,,,,
тяжелеть,гьокӏорулъир,,,,,,,гьокӏорулъи,гьокӏорулъиб
уважение,адаб,б,,адаблӏи,,,,,
удивление,тамашалъир,,,,,,,,
если удобно (наречие),санаъалъир,,,,,,,,
удод,гьобгьоб,"б, б",гьобгьобол,гьобгьоблӏи,гьобгьобалӏи,,,,
унижать,гьакъийдери,,,,,,,гьакъийдий,гьакъийдо
урок,дарсси,"б, б",дарссил,дарссиллӏи,дарссилилӏи,,,,
урчать,къулкъудери,,,,,,,къуркъудир/къулкъудир,къуркъудиб/къулкъудиб
утварь,къай,"б, б",къайил,къайлӏи,къайилилӏи,,,,
ученый,гӏалим,"в, в; й, й",гӏалимадул,"гӏалимшув, гӏалимлӏи",гӏалимадалӏи,,,,
учить,цӏиннолъир,,,,,,,цӏиннолъи,цӏиннолло
характер,амал,"б, б",амалол,амалалӏи,амалалӏи,,,,
хватать,биччери,,,,,,"биччи, риччи",биччи,биччо
хитрец,ссихӏир,,,,,,,,
хитрый,ссихӏир,,,,,,,,
хитрый (ребенку),иприти,,,,,,,,
холера,вабаъи,б,,,,,,,
хорошо,шуб,,,,,,"шуб, шур, шуй",,
хутор,кули,"б, б",кулил,кулиллӏи,,,,,
цвет,босо,"б, б",босол,,,,,,
целый,бичӏоссуб,,,,,,"ричӏоссуб, вучӏоссуб, йичӏоссуб, вочӏоссубул, йочӏоссубул",,
чавкать,гъванкишери,,,,,,,,
чавкание,лъобкӏи,,,,,,,,
часы,саъати,"б, б",саъатобил,саъатулӏи,саъатобалӏи,,,,
четверг,хамизи,р,хамиз зубодул,,,,,,
чистота,рерцӏцӏомлъир,р,,рерцӏцӏомлъирлӏи,,,берцӏцӏомлъир,,
чтение,баъир,б,,баъирлӏи,,,,,
чудо,гӏаламати,б,гӏаламатол,гӏаламатилӏи,,,,,
шевелить,бергъоллу,,,,,,рергъоллу,бергъолъи,бергъолло
шерсть,михи,р,,михилӏи,,,,,
шест,мокъи,"б, б",мокъадул,мокъилӏи,мокъадалӏи,,,,
шестой,ойлӏидеб,,,,,,,,
шестьдесят,ойлӏицӏолгу,,,,,,,,
шкура,цӏцӏуку,"б, б",цӏцӏукодул,цӏцӏукудолӏи,цӏцӏукодалӏи,,,,
шкура,хуча,"р, р",хучол,хучулӏи,хучодалӏи,,,,
шоссе,шагьара,,,,,,,,
штраф,гьакӏа,"б, б",гьакӏал,гьакӏалӏи,,,,,
шуба,бишо,"б, б",бишодул,бишоллӏи,бишодалӏи,,,,
шутка,масхара,"б, б",масхардул,масхарулӏи,масхардалӏи,,,,
щекотать,куликонну,,,,,,,куликонлъи,куликонно
щипцы,хуцӏу,"б, б",хуцӏодул,хуцӏулӏи,хуцӏодул,,,,
ягодица,беххиркъил,"б, б",беххиркъилол,беххиркъилулӏи,беххиркъилалӏи,,,,
яичница,хайген,б,,хайгенлӏи,,,,,
ясность,байан,,,,,,,,
бабушка,ила,,,,,,,,
веревка,рошон,"р, р",рошомил,рошонулӏи,рошомалӏи,,,,
вор,лъомидо,,,,,,,,
где,ину,,,,,,,,
гладкий,ламмиб,,,,,,,,
гость,цӏцӏи,"в, в; й, й",цӏцӏил,"цӏцӏишув, цӏцӏиллӏи",цӏцӏелувул,,,,
гриб,хорошашуб авъара,"б, б",хорошашубул авъардул,хорошашуб авъарулӏи,хорошашубул авъардалӏи,,,,
долго,бигьу заман,,,,,,,,
думать,ургъум,,,,,,,ургъун,ургъум
еж,ужрукъи,"б, й",ужрукъол,ужрукъулӏи,ужрукъалӏи,,,,
жениться,йошикӏва йичинно,,,,,,,йошикӏва йичон,йошикӏва йичом
жила,щекӏи,"б, б",щекӏил,щекӏиллӏи,щекӏилилӏи,,,,
зажигать,биколлу,,,,,,риколлу,биколъи,биколло
запах,шан,"б, б",шанил,шанлӏи,шанилилӏи,,,,
звать,къорир,,,,,,,къори,къоро
земля,онщи,б,,оншилӏи,,,,,
кабан,хунтӏа,"б, й",хунтӏил,хунтӏулӏи,хунтӏилӏи,,,,
кол,хӏахъум,"б, б",хӏахъумол,хӏахъумулӏи,хӏахъумалӏи,,,,
кора,хъал,"б, б",хъалил,хъалулӏи,хъалилилӏи,,,,
косточка,гага,б,,гагулӏи,,,,,
куст,хъарахъи,"б, б",хъарахъол,хъарахъулӏи,хъарахъалӏи,,,,
лечить,сагъийдери,,,,,,,сагъийди,сагъийдо
мята,инцциртӏа,р,,инцциртӏалӏи,,,,,
находить,бисонну,,,,,,,бисон,бисонно
не,ссу,,,,,,,,
ноша,къай,б,,къайлӏи,,,,,
обманывать,гуккунну,,,,,,,гуккун,гуккон
огород,чӏадил,"б, б",чӏадилол,чӏадиллӏи,чӏадилалӏи,,,,
отнимать,бухери,,,,,,"рухери, вухери, йихери, вохери, йохери, бохери",,
перхоть,къара,б,,къаралӏи,,,,,
пить,цӏцӏадери,,,,,,,цӏцӏади,цӏцӏадо
поднимать,гьебцӏоллу,,,,,,,гьебцӏоллъи,гьебцӏолло
пол,гьоъор,б,,гьоъорлӏи,,,,,
полдень,лъал,б,,лъаллӏи,,,,,
половник,гама,б,,гамулӏи,,,,,
последний,вехудивасси,,,,,,"Йехудийасси, бехудибасси, рехудирасси, вохудивассол, йехудийассол, бехудибассол, рехудирассол,",,
пот,гьанъо,б,,гьанъолӏи,,,,,
пьяный,вегулъий,,,,,,"бегулъий, йегулъий",,
равнина,байдан,"б, б",байдамил,байданулӏи,байдамалӏи,,,,
радуга,соруди йошиква йичонний,,,,,,,,
рожать,мочӏи джидери,,,,,,,,
рубить,ароллу,,,,,,,аролъи,аролло
ругать,вейхъвери,,,,,,,вейхъу,вейхъуб
садиться,гьовкӏвери,,,,,,,,
светлый,кванор,,,,,,,,
семя,шен,р,,шенлӏи,,,,,
скот,буцӏцӏир,"б, й",буцӏцӏирол,буцӏцӏирулӏи,буцӏцӏиралӏи,,,,
смотреть,гьалчӏинну,,,,,,,гьалчӏон,гьалчӏом
собираться,бакӏарунну,,,,,,"бакӏарун, ракӏарун, вакӏарун, йакӏарун",бакӏарун,бакӏарун
соленый,цӏцӏонъон,,,,,,,,
сосед,мадугьал,,,,,,,,
спасать,ворчӏонну,,,,,,"ворчӏонну, йорчӏонну, борчӏонну","ворчӏон, ворчӏонлъи",ворчӏонно
стрела,чӏор,р,,,,,,,
стул,мокӏо,"б, б",мокӏол,мокӏолӏи,мокӏолилӏи,,,,
сычуг,ребкьу,р,,ребкьулӏи,,,,,
твердый,къвакӏунниб,,,,,,,,
тесать,каннери,,,,,,,канний,канно
тмин,миъор,р,,миъорлӏи,,,,,
трясти,лъурери,,,,,,,лъури,лъуро
тупой,барссуб,,,,,,,,
утка,бадуши,"б, й",бадушол,бадушулӏи,бадушалӏи,,,,
холм,гъижи,"б, б",гъижадул,гъижилӏи,гъижадалӏи,гъижиъа,,,
хотеть,къорокъери,,,,,,,къорокъой,къорокъоб
щебень,гъогъу,б,гъогъодул,гъогъулӏи,гъогъодалӏи,,,,
алыча,кӏолли кӏуркӏул,"б, б",кӏолли кӏуркӏулол,кӏуркӏулулӏи,кӏуркӏулалӏи,,,,
бежать,гьеллери,,,,,,,гьелли,гьеллиб
бульон,кощи,"р, р",кощил,кощилӏи,кощилилӏи,,,,
вариться,билъомалло,,,,,,рилъомалло,билъом,билъом
весь,илӏугу,,,,,,,,
выбирать,бочӏери,,,,,,рочӏери,бочӏо,бочӏо
выть,гьомдери,,,,,,,гьомди,гьомдиб
гнуться,тӏебери,,,,,,,тӏебий,тӏебиб
дыра,багин,"б, б",багимол,багинулӏи,багималӏи,,,,
жадный,къинниб,,,,,,,,
забывать,реччери,,,,,,,реччо,реччоб
крыло,лъиру,"р, р",лъирдобил,лъирудолӏи,лъирудобалӏи,,,,
кусать,къаммери,,,,,,,къаммий,къаммо
лиса,сори,"б, й",сордул,соролӏи,сордалӏи,,,,
лошадь,кӏоту,"б, й",кӏотил,кӏотулӏи,кӏотилӏи,,,,
мало,колӏи,,,,,,,,
мало,мичӏигу,,,,,,,,
между,бокьу,,,,,,"рокьу, йокьу, вокьу",,
мерить,басинну,,,,,,,басон,басон
невеста,бахӏарай,"й, й",бахӏардул,бахӏарайлӏи,бахӏардалӏи,,,,
ножны,релъоба,"б, б",релъобил,релъобулӏи,релъобалӏи,,,,
ножны,ххубару,"б, б",ххубардул,ххубарулӏи,ххубардалӏи,,,,
оставлять,беддери,,,,,,"веддо, йеддо, реддо",беддо,беддо
остывать,гьалтери,,,,,,,гьалтой,гьалтоб
открывать,архинну,,,,,,,архон,архон
плечо,бехун,"б, б",бехумол,бехунулӏи,бехумалӏи,,,,
похожий,авлъин,,,,,,"авлъин, айлъин, арлъин, аблъин",,
пояс,рокьучул,"р, р",рокьучулол,рокьучулулӏи,рокьучулалӏи,,,,
просеивать,кудери,,,,,,,куди,кудо
прямой,битӏи,,,,,,ритӏи,,
прятать,бекъашолери,,,,,,,бекъашулъи,бекъашулло
работать,хӏалтӏунери,,,,,,,хӏалтӏун,хӏалтӏум
родник,инцци,"р, р",инццадул,инццилӏи,инццадалӏи,,,,
рожь,чӏори,б,,чӏорлӏи,,,,,
рычать,гъулгъудери,,,,,,,гъулгъудир,гъулгъудиб
рычать,кӏкӏунери,,,,,,,кӏкӏунир,кӏкӏуниб
самка,гьорчӏи,"й, й",гьорчӏол,гьорчӏиллӏи,гьорчӏилилӏи,,,,
свежевать,рихъери,,,,,,,рихъи,рихъо
сметана,эл,"б, б",элил,элулӏи,элилилӏи,,,,
смешивать,абжоллу,,,,,,,абжолъи,абжолло
стремя,падучан,"б, б",падучамил,падучанлӏи,падучамалӏи,,,,
ступня,кьеркьил,"б, б",,,,,,,
трут,ссекӏу,"б, б",ссекӏодул,ссекӏулӏи,ссекӏодалӏи,,,,
туман,гьиро,"р, р",гьиродул,гьиролӏи,гьиродалӏи,,,,
ударять,джабери,,,,,,,джабо,джабо
хрящ,цӏецӏи,"б, б",цӏецӏил,цӏецӏилӏи,цӏецӏилилӏи,,,,
челюсть,чӏамчӏаллӏи,"б, б",чӏамчӏаллӏол,,,,,,
юла,пархил,"р, р",пархилол,пархилулӏи,пархилалӏи,,,,
армия,аскӏар,"б, б",аскӏарол,аскӏарлӏи,аскӏаралӏи,,,,
зерно,хӏалбахъин,"б, б",хӏалбахъинол,хӏалбахъинулӏи,хӏалбахъиналӏи,,,,
пиджак,кастум,"б, б",кастумол,кастумулӏи,кастумалӏи,,,,
ватная куртка,пенджеки,"б, б",пенджекол,пенджекулӏи,пенджекалӏи,,,,
суд,сути,"б, б",сутил,сутиллӏи,сутилилилӏи,,,,
сук,кӏурцӏцӏо,"б, б",кӏурцӏцӏодул,кӏурцӏцӏулӏи,кӏурцӏцӏодалӏи,,,,
фонарь,чирахъи,"б, б",чирахъол,чирахъулӏи,чирахъалӏи,,,,
имя,цӏцӏер,"р, р",цӏцӏердул,цӏцӏерулӏи,цӏцӏердалӏи,,,,
алчный,къинниб,,,,,,,,
аппетит,хийал,"б, б",хийалол,хийалулӏи,хийалалӏи,,,,
барабанщик,къаличан,"в, в; й, й",къаличамадул,,,,,,
безрукавка,кереᵸссери,"б, б",кереᵸссерол,кереᵸссериллӏи,кереᵸссеролилӏи,,,,
белеть,гьацӏалъери,,,,,,,гьацӏалъи,гьацӏалъиб
бидон,битон,"б, б",битомил,битонулӏи,битомалӏи,,,,
блестящий,цӏцӏвакуниб,,,,,,цӏцӏвакунир,,
бодаться,гъуммери,,,,,,,гъумми,гъуммо
божья коровка,вошуле-йошиле,"б, й",вошуле-йошиболле,йошуллӏиле вошубле босо,,,,,
бродяга,сорсол,"в, в; й, й",сорсолол,сорсолшуй; сорсоллӏи,сорсололуй; сорсоллӏи,,,,
брысь,учи,,,,,,,,
бублик,гимура,"б, б",гимурдул,гимурулӏи,гимурдалӏи,,,,
бусинка,миххи,"б, б",миххил,миххилӏи,миххилилӏи,,,,
в будущем году,гьиъойа,,,,,,,,
вдруг,хапиду,,,,,,,,
вежливый,лъуна,,,,,,,,
вершина,мийар,"р, р",мийардул,мийарулӏи,мийардалӏи,,,,
вес,гьокӏорулъир,б,,,,,,,
весной,риба,,,,,,,,
весть,хабар,б,,хабарулӏи,,,,,
ветшать,чӏунтунну,,,,,,,чӏунтунниб,чӏунтунне
вечером,гьечӏодоъо,,,,,,,,
взамен,миса,,,,,,,,
взвешивать,кьаннери,,,,,,,кьанни,кьанно
взвешивать,басинну,,,,,,,басон,басон
визжать,зумзудир,,,,,,,зумзудир вугъи,зумзудир вачӏоб
вместе,сору,,,,,,,,
вонючий,шанжа,,,,,,,,
воровать,бехъащери,,,,,,рехъащери,бехъащи,бехъащо
воротник,гару,"б, б",гардобил,гардолӏи,гардобалӏи,,,,
впервые,эсседугуло,,,,,,,,
впечатление,асар,б,,асарулӏи,,,,,
вред,зарар,"р, р",зарардул,зарарулӏи,зарардалӏи,,,,
вред,зийан,"р, р",зийанол,зийанулӏи,зийаналӏи,,,,
вспыхивать,гвангъунну,,,,,,,гвангъунний,гвангъум
всюду,инукку инало,,,,,,,,
вход,кӏол,"б, б",кӏолибол,кӏололӏи,кӏолибалӏи,,,,
выжимать,цӏцӏурери,,,,,,,цӏцӏури,цӏцӏуро
торчать (о чем-то остром),цӏцӏутӏунну,,,,,,,цӏцӏутӏунни,цӏцӏутӏунно
выращивать,бижунну,,,,,,,бижунний,бижонно
высота,гьирцӏилъер,"б, б",гьирцӏилъерадул,гьирцӏилъерлӏи,гьирцӏилъерадалӏи,,,,
нагло смотреть,хъитӏунну,,,,,,,хъитӏунниб,хъитӏум
газ,газ,б,,газулӏи,,,,,
газета,кайзати,"б, б",кайзатол,кайзатулӏи,кайзаталӏи,,,,
гладить,лъарери,,,,,,,лъари,лъаро
глохнуть,гоъилъери,,,,,,,гоъилъи,гоъилъиб
горбиться,къуллонно,,,,,,,къуллонний,къуллонно
гордиться,чӏугьунну,,,,,,,чӏугьунний,чӏугьум
дарить,иччери,,,,,,,иччи,иччо
девушка,йоши,"й, й",йошибол,йошулӏи,йошибалӏи,,,,
дергать,туркӏунну,,,,,,,туркӏун,туркӏом
десятый,гьоцӏолдеб,,,,,,,,
доверчивый,бужуролӏи,,,,,,,,
достаточно,гьитӏо,,,,,,,,
жаркий,букьиб,,,,,,рукьиб,,
животное,хӏайван,"б, й",хӏайванол,хӏайванулӏи,хӏайваналӏи,,,,
жук,щирщил,"б, й",щирщилол,щирщилулӏи,щирщилалӏи,,,,
за пазухой,гъвакьу,,,,,,,,
заблудиться,вутӏери,,,,,,"ритӏу, йитӏу, вутӏу, вотӏуй, йотӏуй",битӏу,битӏуб
зависть,джахӏда,б,,джахӏдалилӏи,,,,,
задерживать,вугъери,,,,,,,вугъи,вугъиб
зарплата,харжи,"б, б",харжил,харжиллӏи,харжилилӏи,,,,
засов,турхасси,"б, б",турхассол,турхассиллӏи,турхассалӏи,,,,
зачем,иллъиди,,,,,,,,
зло,тӏу,"р, р",тӏулил,тӏуллӏи,тӏулилилӏи,,,,
знак,ишара,"б, б",ишардул,ишарулӏи,ишардалӏи,,,,
зубец,сол,"р, р",солибол,солуллӏи,солбалӏи,,,,
зурнист,зурмухъан,"в, в; й, й",зурмухъамадул,"зурмухъаншув, зурмухъанлӏи","зурмухъамадавул, зурмухъамадалӏи",,,,
из-за,сабаблъий,,,,,,,,
изобилие,гьарзалъир,"б, б",гьарзалъирол,гьарзалъирлӏи,,,,,
имущество,реси,б,,,,,,,
иноходь,йоргъа,б,,,,йоргъалъа,,,
как,икьи,,,,,,,,
катиться,гиригирери,,,,,,,гиригирий,гиригириб
кирпич,кирпич,"б, б",кирпичол,кирпичулӏи,кирпичалӏи,,,,
клеймо,анжи,"р, р",анжодул,анжиллӏи,анжодалӏи,,,,
клубок,кӏошкӏон,"р, р",кӏошкӏомил,кӏошкӏонулӏи,кӏошкӏомалӏи,,,,
клубок,кӏуцӏцӏа,"р, р",кӏуцӏцӏибол,кӏуцӏцӏаллӏи,кӏуцӏцӏибалӏи,,,,
кляча,ича,"б, й",ичил,ичулӏи,ичилӏи,ичуъа,,,
ковыряться,сабсашери,,,,,,,сабсашой,сабсашо
ковыряться,хъватӏишери,,,,,,,хъватӏишо,хъватӏишо
корка,хъал,б,хъалил,хъалуллӏи,хъалилилӏи,,,,
крепнуть,къвакӏунну,,,,,,,къвакӏунний,къвакӏум
крик,лъочӏчӏу,"б, б",лъочӏчӏудул,лъочӏчӏуллӏи,лъочӏчӏудалъи,,,,
круг,гор,"р, р",гордул,горуллӏи,гордалӏи,,,,
купать,абчери,,,,,,"авчери, айчери",абчо,абчо
купаться,абчери,,,,,,"авчери, айчери",абчо,абчо
кутан,алахи,"б, б",алахол,алахиллӏи,алахалӏи,алахил.ъо,,,
кушать,вуконну,,,,,,"йикон, йокон, вукон, вокон",вукон,вуком
ласка,ундурукьи,"б, й",ундурукьил,ундурукьиллӏи,ундурукьилилӏи,,,,
легко,лъолколъи,,,,,,,,
лен,турти,"р, р",туртил,туртилӏи,туртилилӏи,,,,
лень,кӏвагьаллъир,б,,кӏвагьаллъирлӏи,,,,,
лепешка,панкъи,"б, б",панкъол,панкъиллӏи,панкъалӏи,,,,
летать,бурери,,,,,,,бури,буриб
литр,литра,"р, р",литрал,,,,,,
лоза,гъалъа,"р, р",гъалъол,гъалъаллӏи,гъалъалилӏи,,,,
ляжка,ахъу,"б, б",ахъобил,ахъулолӏи,ахъулолӏи,,,,
магазин,тукен,"б, б",тукемил,тукенулӏи,тукемалӏи,,,,
макать,оболлу,,,,,,,оболъий,оболло
макушка,эмийар,"р, р",эмийардул,эмийарулӏи,эмийардалӏи,,,,
марка,маркӏа,"б, б",маркӏибул,маркӏаллӏи,маркӏибалӏи,,,,
мастер,устӏар,"в, в",устӏарадул,устӏаршув,устӏарадавул,,,,
меняться,бершоллу,,,,,,рершоллу,рершолъи,рершолло
мизинец,бошицӏцӏекӏа,"б, б",бошицӏцӏекӏобил,бошицӏцӏекӏулӏи,бошицӏцӏекӏобалӏи,бошицӏцӏекӏуъа,,,
миллион,миллион,"б, б",миллиомил,,,,,,
милосердие,"рахӏмат, рахӏмати","б, б",рахӏматол,рахӏматиллӏи,рахӏматалӏи,,,,
мир,дуниял,"б, б",дуниялол,дунияллӏи,дуниялалӏи,,,,
мирить,рокъолло,,,,,,,рокъолъи,рокъолло
можжевельник,цӏцӏирлӏи,"б, б",цӏцӏирлӏол,цӏцӏирлӏиллӏи,цӏцӏирлӏолилӏи,,,,
можно,лъийа,,,,,,,,
морщиниться,бекъиркъанни,,,,,,,бекъиркъанний,бекъиркъанноло
морщиться,бекъиркъанни,,,,,,,бекъиркъанний,бекъиркъанноло
моток,кӏуцӏа,"р, р",кӏуцӏал,кӏуцӏаллӏи,кӏуцӏалилӏи,,,,
мстить,бучӏчӏоллу,,,,,,,бучӏчӏолъи,бучӏчӏолло
мудрый,акъил,,,,,,,,
мусульманин,буссурман,"в, й",буссурманол,буссурманшуб; буссурманлӏи,буссурманадаб,,,,
на виду,гьаъери,,,,,,,,
навстречу,бади,,,,,,,,
народ,хал.ъи,б,,,,,,,
насмехаться,рокӏо булӏери,,,,,,,рокӏо булӏий,
учение,"гӏэлму, элму","р, р",гӏэлмудул,гӏэлмулӏи,гӏэлмудалӏи,,,,
немного,мичӏимуха,,,,,,,,
немного,бигьулгуссу,,,,,,,,
неправильно,битӏиссу,,,,,,,,
неприязнь,джахӏда,"б, б",джахӏдал,джахӏдаллӏи,джахӏдалилӏи,,,,
нефть,набти,"б, б",набтил,набтиллӏи,набтилилӏи,,,,
ни за что,абада,,,,,,,,
никуда,себгулолди,,,,,,,,
ниоткуда,себгулоллъуккуссу,,,,,,,,
нисколько,себгулоссу,,,,,,,,
норма,мадар,,,,,,,,
ночной,гьечӏодоъосси,,,,,,,,
нужный,къорокъой,,,,,,,,
скулить,кӏкӏуннери,,,,,,,кӏкӏуннир,кӏкӏунниб
"ныть, скулить",зигардери,,,,,,,зигардир,зигардиб
облепиха,гъарцӏцӏи,"р, р",гъарцӏцӏил,гъарцӏцӏиллӏи,гъарцӏцӏилилӏол,,,,
обыск,цӏцӏиᵸхъин,"б, б",цӏцӏиᵸхъимол,цӏцӏиᵸхъирлӏи,цӏцӏиᵸхъималӏи,,,,
обычай,адат,"б, б",адатол,адатулӏи,адаталӏи,,,,
отдельный,батӏа,,,,,,,,
отдых,шаннир,"р, р",шаннибул,шаннирлӏи,шанниралӏи,,,,
отдых,гьалхи,,,,,,,,
отовсюду,инукку имало,,,,,,инукку инало (р); инукку и2йаллоссол; инукку и2валлоссол,,
отсутствие,ссулъир,,,,,,,,
охота,чониву,,,чонлӏи,,,,,
палатка,чатир,"б, б",чатирдул,чатирулӏи,чатирдалӏи,,,,
палочка,жала,"р, р",жалибол,жалулӏи,жалибалӏи,,,,
папа,дада,"в, в",дадалал,дадав,дадалав,дадаъа,,,
патрон,патрон,"р, р",патромил,патронулӏи,патромалӏи,,,,
пахота,рекьир,р,,рекьирлӏи,,,,,
пачкать,хъубийдери,,,,,,,хъубийди,хъубийдо
пачкать,чурукийдери,,,,,,,чурукийди,чурукийдо
пашня,мигъи,"б, б",мигъил,мигъилӏи,мигъилилӏи,,,,
плач,моъо,"б, б",моъол,моъолӏи,моъолилӏи,,,,
плевок,тудир,,,,,,,,
поворот,сери,"б, б",серадул,,,,,,
подошва,лъол,"б, б",лъолибол,лъолулӏи,лъолибалӏи,,,,
покой,рахӏат,"б, б",рахӏатол,рахӏатилӏи,,,,,
покорный,мукъур,,,,,,,,
покорный,мутӏичи,,,,,,,,
пола,рускӏол,"б, б",рускӏолол,рускӏолулӏи,рускӏолалӏи,,,,
понадобиться,гьаджатунну,,,,,,,гьаджатуннир,
понемногу,мичӏи-мичӏи,,,,,,,,
порог,сарейлӏул,"б, б",сарейлӏулол,сарейлӏулулӏи,сарейлӏулалӏи,,,,
постоянно,иннагуло,,,,,,,,
родство,наслу,"б, б",наслодул,,,,,,
правильный,битӏи,,,,,,"вутӏи, йитӏи, ритӏи",,
праздник,паразники,,паразники,,,,,,
привыкать,ругьунлъери,,,,,,,ругьунлъи,ругьунлъиб
прохлада,соккуй,,,,,,,,
прочь,гьервади,,,,,,,,
пятый,иᵸшдулдеб,,,,,,,,
пятьдесят,иᵸшдуцӏолгу,,,,,,,,
работник,хӏалтухъан,,,,,,,,
радовать,вергьонну,,,,,,"вергьанний, йергьанний, бергьанний",вергьанний,вергьам
дробить,хъиннери,,,,,,,хъинний,хъинно
разбрасывать,гьуршунну,,,,,,,гьуршунний,
разбрасывать,шарери,,,,,,,шарий,шаро
разбрасывать,шаршашери,,,,,,,шаршашо,шаршашо
развеваться,парпадери,,,,,,,парпадир,парпадиб
разгружать,бечӏуйдери,,,,,,,бечӏуйди,бечӏуйдо
рассказ,хабар,б,,хабарулӏи,,,,,
прореживать,мичӏчӏируйдери,,,,,,,мичӏчӏируйдир,мичӏчӏируйдо
прореживать,мичӏчӏирийдери,,,,,,,мичӏчӏирийдир,мичӏчӏирийдо
редька,талган,"б, б",талгамил,талганлӏи,талгамалӏи,,,,
ровесник,сер рещинлъол,,,,,,,,
рогатка,гьинцӏошамшал,"б, б",гьинцӏошамшалол,гьинцӏошамшаллӏи,гьинцӏошамшалалӏи,,,,
родня,мийарлӏол,"б, б",мийарлӏилъир,,,,,,
ругань,хьами,"р, р",хьамил,хьамиллӏи,хьамилилӏи,,,,
рыжий,чади,,,,,,,,
рыхлый,лъуна,,,,,,,,
рядом,лӏеру,,,,,,,,
самовар,самавар,"б, б",самаварол,самаварулӏи,самаваралӏи,,,,
санки,чанагъи,"р, р",чанагъобил,чанагъулӏи,чанагъобалӏи,чанагъуъа,,,
светлячок,гьечӏодоъо бикуйа,"б, й",гьечӏодоъо йокуйал,,,,,,
свисток,щомщол,"б, б",щомщолол,щомщолулӏи,щомщолалӏол,,,,
свой,энлӏигу,,,,,,,,
седьмой,гьолӏулдеб,,,,,,,,
сенокос,хханнийа,"б, б",хханнийол,хханнирлӏи,хханнийолилӏи,,,,
"гормошка, баян, аккардеон",чагъана,,,,,,,,
слабеть,лъуналъери,,,,,,,лъуналъи,лъуналъиб
следующий,вехудусси,,,,,,"йехудусси, бехудусси, вехудуссол",,
снова,гьинджесси,,,,,,,,
совесть,йахӏнамуси,б,,,,,,,
сорок,боъоцӏолгу,,,,,,"воъоцӏолгу, йоъоцӏолгу, боъоцӏолгу",,
соседство,реххон,р,,реххоноъа,,,,,
спереди,сседукку,,,,,,,,
сплющиваться,бекӏеркъанну,,,,,,"бекӏеркъанний, рекӏеркъанний, векӏеркъанний, йекӏеркъанний",бекӏерхъанний,бекӏерхъанниб
сплющиваться,чӏчӏуроллу,,,,,,,чӏчӏуролъий,чӏчӏуролло
спокойный,параъати,,,,,,,,
порядок,адлу,,,,,,,,
старинный,кьира,,,,,,,,
старинный,сседусси,,,,,,,,
стебель,маъа,"б, б",маъол,маъулӏи,маъалӏи,,,,
страх,ссирдир,б,,ссирдиролӏи,,,,,
строгать,каннери,,,,,,,канний,канно
струна,чӏол,"р, р",чӏолибол,чӏолуллӏи,чӏолибалӏи,,,,
теща,илакьору,"й, й",илакьордобил,илакьорулӏи,илакьордобалӏи,,,,
трудный,реччи,,,,,,,,
комната,гьакъу,"р, р",гьакъобил,гьакъулӏи,гьакъобалӏи,,,,
дом,гьакъу,"р, р",гьакъобил,гьакъулӏи,гьакъобалӏи,,,,
сзади,бегьудибасси,,,,,,"вегьудивасси, йегьудийасси, регьудирасси",,
целовать,цӏцӏоммери,,,,,,,цӏцӏомми,цӏцӏоммо
целовать,оббадери,,,,,,,оббади,оббадо
встретиться,бади вуъери,,,,,,,бади вуъоб,бади вуъоб
крепкий,къвакӏунниб,,,,,,,,
лампочка,чирахъи,"б, б",чирахъол,чирахъулӏи,чирахъалӏи,,,,
некрасивый,ригьинто,,,,,,,,
плохо,шубссу,,,,,,,,
сложный,реччи,,,,,,,,
тахта,манги,"б, б",мангил,мангиллӏи,мангилилъол,,,,
молиться,ккубайдери,,,,,,,ккубайди,ккубайдиб
криво,орива,,,,,,,,
мерка,расон,"р, р",расомил,расонулӏи,расомалӏи,,,,
разбойник,хъачагъи,"в, в; й, й",хъачагъол,"хъачагъиллӏи, хъачагъишуй","хъачагъавул, хъачагъалӏол",,,,
согласный,рази,,,,,,,,
соединять,бацӏери,,,,,,рацӏери,бацӏи,бацӏо
сохнуть,бикъвери,,,,,,рикъвери,рикъу,бикъуб
шестьсот,ойлӏибешенугу,,,,,,,,
отдыхать,шаннери,,,,,,,шанний,шанниб
восемьсот,бейлӏибешенугу,,,,,,,,
задвижка,пархил,"р, р",пархилол,пархилулӏи,пархилалӏи,,,,
заикание,бабадир,,,,,,,,
обратно,бехудиба,,,,,,"вехудива, йехудийа",,
обратно,беху-бехудиба,,,,,,"веху-вехудива, йеху-йехудийа",,
обратно,беху-бекъудиба,,,,,,"веху-векъудива, йеху-йекъудийа",,
перемирие,рокъир,"б, б",рокъирол,рокъирлӏи,рокъиролӏи,,,,
невестка,нуса,"й, й",нусибадул,нусаллӏи,нусибадалӏи,,,,
балалайка,пандур,"б, б",пандурдул,пандурулӏи,пандурдалӏи,,,,
пандур (народный инструмент),чагур,"б, б",чагурдул,чагурулӏи,чагурдалӏи,,,,
девятьсот,гьочӏобешенугу,,,,,,,,
домой,ищива,,,,,,"ищийа, ищиба",,
поскользнуться,чӏчӏарери,,,,,,,чӏчӏари,чӏчӏариб
чуду,ингур,"б, б",ингурдол,ингурулӏи,ингурдалӏи,ингоруъа,,,
веснушка,чӏутӏи,"р, р",чӏутӏилол,чӏутӏиллӏи,чӏутӏилалӏи,,,,
встать,вучӏчӏери,,,,,,,вучӏчӏи,вучӏчӏиб
гадать,палбукъери,,,,,,,палбукъир,палбукъо
гордый,бечӏуха ъайда,,,,,,,,
гордый,пахру,,,,,,,,
доброе утро,вучӏчӏиде,,,,,,"йичӏиде, бичӏиде, вачӏилде, йачӏилде, бачӏилде",,
мячик,кӏошкӏон,"р, р",кӏошкӏомил,кӏошкӏонулӏи,кӏошкӏомалӏи,,,,
на улице,гьонхъи,,,,,,,,
на улице,къатӏила,,,,,,,,
